flight_id,carrier_id,market_share,fare
1,1,8143,
1,851,8143,
2,2,20893,
2,852,21998,
3,3,18456,
3,853,18444,
4,4,18264,
4,854,18309,
5,5,17711,
5,855,18449,
6,6,32497,
6,856,32373,
7,7,31590,
7,857,27042,
8,8,32922,
8,858,27160,
9,9,25589,
9,859,24489,
10,10,29116,
10,860,29688,
11,11,34358,
11,861,38206,
12,12,23166,
12,862,23085,
13,13,24125,
13,863,22941,
14,14,20393,
14,864,20344,
15,15,23285,
15,865,23569,
16,16,34213,
16,866,38233,
17,17,35692,
17,867,35824,
18,18,24010,
18,868,22094,
19,19,25178,
19,869,23407,
20,20,29522,
20,870,30237,
21,851,42750,
22,21,19436,
22,871,19320,
23,22,24607,
23,872,25554,
24,23,20922,
24,873,20007,
25,24,20545,
25,874,20543,
26,25,17293,
26,875,18173,
27,26,20128,
27,876,18775,
28,27,21231,
28,877,20421,
29,28,22287,
29,878,21643,
30,29,16527,
30,879,16932,
31,30,18908,
31,880,18857,
32,31,15666,
32,881,15554,
33,32,15709,
33,882,15324,
34,33,12276,
34,851,12276,
35,34,15447,
35,883,15363,
36,35,12059,
36,884,12441,
37,36,25159,
37,885,23890,
38,37,27814,
38,886,28779,
39,38,30182,
39,887,34252,
40,39,18397,
40,888,15920,
41,40,20347,
41,889,22123,
42,41,14375,
42,890,12082,
43,42,18822,
43,891,17116,
44,43,20083,
44,892,17091,
45,36,20905,
45,893,20689,
46,44,23832,
46,894,24038,
47,45,13410,
47,895,13414,
48,46,13451,
48,896,14157,
49,7,20804,
49,897,20689,
50,47,22887,
50,898,22950,
51,48,14045,
51,899,14049,
52,49,17845,
52,900,18417,
53,41,28038,
53,901,26929,
54,50,28695,
54,902,29380,
55,51,19365,
55,903,18836,
56,52,21553,
56,904,22716,
57,53,16200,
57,851,16200,
58,53,17100,
58,905,17078,
59,54,15721,
59,906,15676,
60,55,17204,
60,907,17414,
61,56,17622,
61,908,17589,
62,57,20277,
62,909,20183,
63,58,22673,
63,910,21595,
64,59,18197,
64,911,20268,
65,60,25224,
65,912,25206,
66,61,24861,
66,913,24532,
67,62,16730,
67,914,16727,
68,63,17399,
68,915,17346,
69,64,16745,
69,916,16364,
70,65,16615,
70,917,17296,
71,27,19004,
71,918,18334,
72,66,19956,
72,919,19693,
73,36,16172,
73,920,14938,
74,67,16313,
74,921,17331,
75,68,18330,
75,922,18347,
76,1,21201,
76,923,21454,
77,69,16535,
77,924,16542,
78,70,14983,
78,851,14983,
79,71,15734,
79,925,15742,
80,72,16419,
80,926,16007,
81,73,15603,
81,927,15527,
82,74,16106,
82,928,18334,
83,75,15396,
83,929,15363,
84,76,19107,
84,930,19139,
85,12,16524,
85,931,16470,
86,77,18418,
86,932,18437,
87,2,22011,
87,933,22905,
88,29,24752,
88,934,25002,
89,78,13046,
89,935,12991,
90,79,12998,
90,936,13246,
91,80,21933,
91,851,21933,
92,81,23018,
92,851,23018,
93,41,17965,
93,851,17965,
94,18,18584,
94,937,18934,
95,82,16962,
95,938,16898,
96,83,20173,
96,939,19759,
97,84,27756,
97,940,27755,
98,80,29583,
98,941,31521,
99,85,19211,
99,942,20954,
100,86,20468,
100,943,23055,
101,87,22521,
101,944,22405,
102,88,17333,
102,945,17182,
103,89,20415,
103,946,20325,
104,90,19888,
104,941,19317,
105,91,22335,
105,947,22039,
106,92,22818,
106,948,23472,
107,93,27033,
107,949,30672,
108,94,21482,
108,950,20530,
109,50,24731,
109,951,25083,
110,95,14668,
110,952,14674,
111,96,16614,
111,953,16152,
112,97,17082,
112,954,17081,
113,98,18307,
113,955,22153,
114,95,18096,
114,956,17960,
115,99,20178,
115,957,20086,
116,100,18784,
116,958,18780,
117,93,20697,
117,959,20608,
118,101,20427,
118,960,20418,
119,102,15763,
119,961,22076,
120,103,22936,
120,962,23145,
121,104,26773,
121,963,27199,
122,105,13606,
122,964,13541,
123,106,15106,
123,965,15045,
124,107,14458,
124,966,15960,
125,108,18937,
125,967,19303,
126,109,17131,
126,968,17149,
127,110,14872,
127,969,15339,
128,111,14398,
128,970,14386,
129,112,18188,
129,880,18200,
130,113,20929,
130,971,20830,
131,114,21601,
131,972,21570,
132,115,16593,
132,973,18837,
133,116,17428,
133,974,17433,
134,117,18626,
134,975,20097,
135,118,23759,
135,976,23866,
136,119,13948,
136,851,13948,
137,120,16458,
137,977,16469,
138,121,14464,
138,851,14464,
139,122,15946,
139,978,15964,
140,28,17719,
140,979,17649,
141,123,19445,
141,980,19301,
142,124,15329,
142,981,15341,
143,125,17523,
143,982,17490,
144,126,22688,
144,983,22632,
145,77,25180,
145,984,25615,
146,127,13958,
146,985,13853,
147,128,15791,
147,986,16463,
148,129,15427,
148,851,15427,
149,130,14788,
149,977,14775,
150,82,16849,
150,987,16855,
151,131,16430,
151,988,16436,
152,132,14256,
152,989,14214,
153,133,15436,
153,990,15300,
154,134,16350,
154,991,16349,
155,35,18698,
155,992,18578,
156,125,19450,
156,993,19370,
157,135,21241,
157,994,20947,
158,136,12438,
158,995,12427,
159,137,13770,
159,996,14017,
160,138,19313,
160,997,19250,
161,139,21841,
161,998,22550,
162,64,22694,
162,999,21889,
163,140,22484,
163,1000,22189,
164,141,27336,
164,1001,27566,
165,112,13121,
165,1002,13028,
166,142,14756,
166,1003,15598,
167,68,26003,
167,1004,27226,
168,143,25056,
168,1005,25077,
169,144,21543,
169,1006,22595,
170,145,22764,
170,1007,24937,
171,146,20550,
171,1008,21181,
172,147,20937,
172,1009,21986,
173,148,21110,
173,1010,20507,
174,149,22740,
174,1011,22682,
175,150,21548,
175,1012,20769,
176,151,23987,
176,1013,24012,
177,28,22376,
177,1014,22458,
178,152,24835,
178,1015,24860,
179,153,14894,
179,1016,14891,
180,154,16829,
180,1017,16035,
181,28,14757,
181,851,14757,
182,155,15537,
182,981,15529,
183,156,17683,
183,1018,17482,
184,157,19121,
184,1019,18773,
185,87,26715,
185,851,26715,
186,158,26834,
186,1020,26755,
187,159,29778,
187,1021,31075,
188,160,36178,
188,1022,39682,
189,161,32169,
189,1023,29843,
190,162,9003,
190,851,9003,
191,163,16399,
191,1024,17772,
192,164,27079,
192,1025,27246,
193,165,27403,
193,1026,26793,
194,156,24429,
194,934,23181,
195,165,17361,
195,952,17370,
196,166,21015,
196,964,20967,
197,42,21655,
197,958,21670,
198,167,19216,
198,1027,19131,
199,168,24240,
199,1028,23451,
200,169,18060,
200,1029,17450,
201,170,22944,
201,1030,23662,
202,171,30806,
202,1031,30496,
203,172,40071,
203,1032,40444,
204,18,28946,
204,1033,28781,
205,7,31785,
205,1034,27920,
206,173,39180,
206,1035,41184,
207,37,9344,
207,851,9344,
208,174,22211,
208,1036,20436,
209,78,13630,
209,954,13624,
210,175,15157,
210,1037,15138,
211,176,12862,
211,1038,13345,
212,177,20147,
212,1039,20925,
213,178,17494,
213,1040,11445,
214,179,23496,
214,1041,25491,
215,180,13833,
215,908,13765,
216,181,15029,
216,1042,17165,
217,182,29426,
217,1043,29856,
218,183,30289,
218,1044,30976,
219,184,23373,
219,1045,23526,
220,185,24576,
220,1046,23239,
221,186,25189,
221,1047,28925,
222,87,27905,
222,851,27905,
223,187,15357,
223,1048,16255,
224,188,18615,
224,1049,22430,
225,189,20514,
225,1050,19240,
226,190,16922,
226,1051,20845,
227,191,16659,
227,1052,18128,
228,192,14275,
228,1053,13897,
229,193,13312,
229,1054,15263,
230,194,11251,
230,1055,11086,
231,195,13066,
231,1056,13845,
232,196,13359,
232,1057,12736,
233,197,16928,
233,1058,16374,
234,198,21817,
234,1059,25441,
235,171,26528,
235,851,26528,
236,199,13285,
236,1060,12727,
237,200,13496,
237,1061,14306,
238,201,20406,
238,1062,22962,
239,202,28631,
239,1063,29097,
240,203,13330,
240,1064,14181,
241,204,20401,
241,1065,21197,
242,24,24963,
242,1066,26198,
243,205,22073,
243,1067,23466,
244,206,15003,
244,1068,17043,
245,207,16376,
245,1069,17646,
246,208,15395,
246,1070,16822,
247,209,13427,
247,1071,12895,
248,210,13801,
248,1072,14459,
249,211,15551,
249,1073,16167,
250,212,13704,
250,1074,12914,
251,213,13989,
251,1075,14251,
252,214,17122,
252,1076,21110,
253,215,25347,
253,1077,25483,
254,216,11559,
254,1078,8008,
255,49,20077,
255,1079,21364,
256,217,19111,
256,1080,21339,
257,87,28657,
257,851,28657,
258,218,21336,
258,1081,20775,
259,219,31120,
259,1082,35090,
260,19,29963,
260,1083,34359,
261,220,12148,
261,1084,13156,
262,221,13696,
262,1085,14945,
263,222,26518,
263,1086,22669,
264,223,25544,
264,1087,30999,
265,224,17136,
265,1088,15085,
266,225,22992,
266,1089,28607,
267,226,32440,
267,1090,34907,
268,227,14066,
268,1091,15288,
269,228,19661,
269,1092,20026,
270,80,28406,
270,851,28406,
271,229,16366,
271,1093,16358,
272,121,16405,
272,1094,16367,
273,230,19341,
273,1095,18889,
274,231,23475,
274,1096,23218,
275,232,27031,
275,1097,25148,
276,233,25626,
276,1098,24340,
277,234,21339,
277,1099,21388,
278,235,22891,
278,1100,21204,
279,236,23201,
279,1101,24980,
280,237,16103,
280,1102,16067,
281,238,17474,
281,1103,17374,
282,239,19482,
282,1104,21893,
283,26,28281,
283,1105,27165,
284,58,24390,
284,1106,23976,
285,240,23885,
285,1107,25293,
286,241,24593,
286,1108,21854,
287,81,29171,
287,851,29171,
288,242,19476,
288,1109,19437,
289,243,21479,
289,1110,22301,
290,244,19964,
290,1111,18636,
291,245,12712,
291,1112,13064,
292,246,16147,
292,1113,17032,
293,172,15036,
293,1114,14782,
294,247,13677,
294,1115,13976,
295,248,14178,
295,1116,13915,
296,249,18369,
296,1117,17874,
297,250,18081,
297,1118,17929,
298,251,15863,
298,1119,15394,
299,252,14898,
299,1120,8484,
300,18,27773,
300,1121,27104,
301,81,31354,
301,851,31354,
302,253,28844,
302,1122,27878,
303,254,18889,
303,1123,17903,
304,123,10995,
304,1124,9391,
305,255,24418,
305,1125,24252,
306,256,8824,
306,851,8824,
307,92,22204,
307,1126,20021,
308,257,28112,
308,1127,24154,
309,88,29424,
309,1128,29657,
310,42,30184,
310,1129,33312,
311,2,6014,
311,851,6014,
312,258,26741,
312,1130,26440,
313,259,13025,
313,1131,13035,
314,260,25182,
314,1132,25216,
315,130,27157,
315,857,28996,
316,261,27561,
316,1133,27471,
317,262,21522,
317,1134,21683,
318,263,8296,
318,851,8296,
319,264,18938,
319,1135,18814,
320,44,19377,
320,1136,20351,
321,141,8730,
321,851,8730,
322,265,13019,
322,1137,13144,
323,266,13550,
323,1138,11952,
324,267,16712,
324,959,16226,
325,268,13671,
325,1139,13665,
326,269,23359,
326,1140,24121,
327,270,19489,
327,1062,19148,
328,84,8056,
328,851,8056,
329,271,15174,
329,1141,15306,
330,272,18705,
330,1022,17739,
331,273,25955,
331,1142,27208,
332,274,17372,
332,1143,16656,
333,275,11226,
333,1144,11319,
334,276,20135,
334,973,19192,
335,143,30359,
335,1145,31378,
336,6,16729,
336,851,16729,
337,277,18439,
337,1146,18441,
338,95,17356,
338,978,17362,
339,278,28598,
339,1147,28573,
340,169,29361,
340,1148,25365,
341,279,35491,
341,1149,30453,
342,280,13665,
342,1150,14640,
343,246,14094,
343,1151,14923,
344,281,33411,
344,1120,25990,
345,245,25367,
345,1152,23067,
346,141,19970,
346,1153,18372,
347,279,33633,
347,1154,30135,
348,282,35389,
348,1155,33089,
349,283,18324,
349,1156,18106,
350,280,25897,
350,1157,26199,
351,284,26019,
351,1158,25759,
352,285,25270,
352,1159,23877,
353,286,22237,
353,1160,21041,
354,287,16807,
354,944,16536,
355,288,19083,
355,1161,18868,
356,289,19402,
356,1162,21737,
357,95,23166,
357,1163,22733,
358,41,25577,
358,1164,25443,
359,290,16954,
359,994,16623,
360,291,19343,
360,1165,17418,
361,292,18534,
361,1166,17870,
362,293,19631,
362,1167,19367,
363,294,24525,
363,1168,25654,
364,202,26280,
364,1169,28935,
365,80,23038,
365,1170,26012,
366,278,23691,
366,1171,24880,
367,10,24299,
367,1172,25626,
368,81,26114,
368,851,26114,
369,294,18697,
369,1173,20753,
370,241,19229,
370,1174,18609,
371,295,28284,
371,1175,24609,
372,249,32214,
372,1176,30621,
373,17,22987,
373,1177,22226,
374,170,29867,
374,1178,31843,
375,92,31123,
375,1179,30893,
376,29,15004,
376,1180,13336,
377,296,14371,
377,1181,13899,
378,16,29652,
378,1182,27056,
379,297,28729,
379,1183,28785,
380,164,34364,
380,1184,40145,
381,298,17116,
381,1185,17035,
382,299,20350,
382,1186,20884,
383,38,35364,
383,1187,31585,
384,87,31986,
384,1188,24988,
385,81,42233,
385,1189,62967,
386,255,35480,
386,1190,35965,
387,300,29551,
387,1023,28524,
388,94,18526,
388,1191,18190,
389,82,17236,
389,1192,17931,
390,58,18479,
390,1193,17019,
391,36,20060,
391,1194,18435,
392,92,20239,
392,1195,18732,
393,26,31434,
393,1196,31886,
394,301,23066,
394,1197,22977,
395,77,24635,
395,1198,25882,
396,141,25809,
396,1199,26854,
397,302,19476,
397,1200,23441,
398,295,27646,
398,1201,29520,
399,303,19684,
399,1202,10940,
400,304,32545,
400,1203,34038,
401,229,29386,
401,1204,31420,
402,281,21287,
402,1073,22813,
403,305,16405,
403,1205,16290,
404,2,13490,
404,1206,13507,
405,304,13648,
405,851,13648,
406,47,14018,
406,1207,13834,
407,78,15564,
407,1208,15367,
408,300,16855,
408,1209,16841,
409,141,22542,
409,1210,23366,
410,91,18330,
410,1211,17673,
411,94,12757,
411,1212,17128,
412,306,11028,
412,1213,7973,
413,851,37233,
414,84,26845,
414,1214,30452,
415,307,22537,
415,1215,21467,
416,308,25820,
416,1216,28122,
417,282,12268,
417,1217,7259,
418,309,11837,
418,1218,8221,
419,68,20991,
419,1219,22083,
420,57,24502,
420,1220,25345,
421,81,32143,
421,851,32143,
422,851,15357,
423,851,61000,
424,18,24517,
424,851,24517,
425,310,19310,
425,1221,19171,
426,87,17709,
426,1222,18381,
427,253,17722,
427,1223,14966,
428,311,19946,
428,1224,20118,
429,62,18522,
429,1225,19975,
430,81,23625,
430,851,23625,
431,84,20607,
431,1203,23089,
432,312,12737,
432,1226,15355,
433,2,30714,
433,1227,32165,
434,313,17732,
434,1228,10993,
435,851,8000,
436,68,38216,
436,1229,38271,
437,1189,32800,
438,64,26505,
438,1230,29924,
439,314,35552,
439,1231,36817,
440,92,31389,
440,1232,27520,
441,26,17641,
441,1233,17977,
442,141,20665,
442,1234,20570,
443,315,13293,
443,1235,8138,
444,153,16511,
444,1236,17083,
445,851,36933,
446,84,32759,
446,1237,33000,
447,851,36967,
448,87,37501,
448,851,37501,
449,87,35318,
449,1238,36739,
450,316,31531,
450,1239,28581,
451,317,24080,
451,1240,29298,
452,183,23436,
452,1241,21743,
453,42,30112,
453,1242,29931,
454,257,32511,
454,1243,34629,
455,316,20448,
455,1244,20931,
456,232,7517,
456,851,7517,
457,149,11902,
457,1245,8705,
458,141,37436,
458,1246,31187,
459,318,30127,
459,1247,34090,
460,87,16721,
460,1248,17673,
461,215,21676,
461,1249,21824,
462,7,17880,
462,1250,17826,
463,319,13365,
463,1251,8142,
464,320,23034,
464,1252,22553,
465,321,18248,
465,1253,18120,
466,322,17270,
466,1254,16224,
467,157,19978,
467,1255,19969,
468,323,17441,
468,1256,18118,
469,171,23613,
469,1257,22798,
470,132,18416,
470,1221,18380,
471,261,18445,
471,1258,20421,
472,324,17281,
472,1259,20049,
473,81,23072,
473,851,23072,
474,106,25551,
474,1260,25774,
475,35,29586,
475,1261,29980,
476,158,23909,
476,1262,23893,
477,159,8191,
477,851,8191,
478,325,17238,
478,1263,16679,
479,326,17677,
479,1264,17635,
480,153,19554,
480,1265,19315,
481,84,8321,
481,851,8321,
482,327,12966,
482,1266,12749,
483,92,17503,
483,1267,17398,
484,65,21159,
484,1268,22001,
485,42,32944,
485,1269,38871,
486,87,31975,
486,1270,36663,
487,328,20071,
487,1271,15194,
488,164,28309,
488,1272,29649,
489,329,12369,
489,1273,12162,
490,330,13277,
490,1274,14212,
491,157,14022,
491,1275,14406,
492,36,15128,
492,1276,14532,
493,331,12344,
493,1277,12376,
494,170,12243,
494,1278,10954,
495,88,16478,
495,1279,15246,
496,332,13661,
496,1280,13201,
497,11,25053,
497,1281,24896,
498,333,25952,
498,1282,27433,
499,334,27456,
499,851,27456,
500,255,33468,
500,1283,34031,
501,24,23888,
501,1284,23479,
502,224,30912,
502,1285,32297,
503,335,21018,
503,1286,19152,
504,334,19251,
504,1287,20585,
505,150,22999,
505,1288,24741,
506,336,27353,
506,1289,29920,
507,337,30003,
507,1290,27425,
508,167,29082,
508,866,28650,
509,338,27755,
509,1291,29178,
510,301,30346,
510,1292,27408,
511,96,31616,
511,1293,34812,
512,339,30352,
512,1294,29472,
513,58,32941,
513,1295,33129,
514,43,35278,
514,1296,36636,
515,202,21354,
515,1297,21706,
516,284,17760,
516,1298,17401,
517,87,26463,
517,1299,26507,
518,58,20936,
518,1300,19657,
519,17,28293,
519,1301,29195,
520,41,23667,
520,1302,26370,
521,340,20454,
521,1303,21931,
522,64,24891,
522,1304,21870,
523,162,22995,
523,1305,21222,
524,341,19161,
524,1306,18751,
525,253,25017,
525,1307,25883,
526,281,25317,
526,1308,24911,
527,22,29051,
527,1309,31687,
528,171,28987,
528,1310,26973,
529,26,31069,
529,1311,30200,
530,342,17619,
530,1312,17584,
531,343,16698,
531,1313,17414,
532,344,18815,
532,960,18808,
533,345,17193,
533,1314,17156,
534,40,20280,
534,1102,20280,
535,38,19921,
535,1315,19999,
536,346,19003,
536,1093,18999,
537,143,22509,
537,1316,22543,
538,347,24061,
538,968,23970,
539,348,18732,
539,1317,18787,
540,349,19846,
540,1318,21668,
541,350,20315,
541,851,20315,
542,166,26333,
542,1319,26607,
543,351,21259,
543,1267,21243,
544,288,26531,
544,1320,27010,
545,195,19416,
545,1321,19214,
546,255,19917,
546,1322,18375,
547,43,23333,
547,1323,23665,
548,352,18310,
548,1324,18638,
549,353,22659,
549,1325,23017,
550,341,22808,
550,1326,23218,
551,354,21812,
551,1327,23113,
552,355,22429,
552,1328,20124,
553,164,25586,
553,1329,27242,
554,82,26223,
554,1330,26142,
555,356,27457,
555,1331,26915,
556,301,24867,
556,1332,23705,
557,357,12182,
557,859,8944,
558,316,20529,
558,1333,18590,
559,42,16542,
559,1334,20939,
560,358,17619,
560,1335,16715,
561,90,22005,
561,1336,20476,
562,359,21687,
562,1337,24235,
563,360,19058,
563,1338,19524,
564,334,22095,
564,1270,23217,
565,167,24201,
565,1339,24347,
566,16,25475,
566,1340,24527,
567,361,26994,
567,1341,28762,
568,58,27883,
568,1342,27812,
569,7,30240,
569,1343,29837,
570,64,26467,
570,1344,25147,
571,362,30638,
571,1345,28866,
572,363,16827,
572,1346,19133,
573,364,20343,
573,1347,19788,
574,365,17434,
574,1348,19113,
575,366,21160,
575,1349,23642,
576,41,23991,
576,1350,21582,
577,15,16469,
577,1351,11202,
578,367,15393,
578,1352,16335,
579,851,49150,
580,81,24300,
580,851,24300,
581,368,20888,
581,1353,18692,
582,369,18595,
582,1354,19754,
583,851,26020,
584,202,28035,
584,851,28035,
585,370,21225,
585,1355,21053,
586,92,21022,
586,1356,19969,
587,311,20841,
587,1357,19386,
588,371,29101,
588,1358,30957,
589,164,29879,
589,1359,26414,
590,372,29619,
590,1360,28422,
591,228,19723,
591,1361,21493,
592,316,25309,
592,1362,26573,
593,92,25785,
593,1363,26938,
594,116,31665,
594,1364,31914,
595,373,39702,
595,1365,41918,
596,374,30850,
596,1366,31716,
597,253,32617,
597,851,32617,
598,141,40526,
598,1367,37859,
599,80,39334,
599,1073,36335,
600,26,34296,
600,1368,34072,
601,359,39213,
601,1369,35000,
602,253,34145,
602,1370,34951,
603,375,14139,
603,1353,14728,
604,376,14692,
604,1371,12702,
605,316,18766,
605,1372,17384,
606,26,22656,
606,1373,23039,
607,65,18094,
607,1374,15891,
608,233,16059,
608,1375,9021,
609,27,23955,
609,1376,21977,
610,377,32462,
610,1377,35052,
611,334,26284,
611,1378,25078,
612,119,32575,
612,1379,30629,
613,378,36121,
613,1380,35856,
614,17,29727,
614,1222,28044,
615,94,35457,
615,1381,36582,
616,81,27648,
616,851,27648,
617,17,32772,
617,1270,33459,
618,68,35452,
618,1382,32326,
619,80,30100,
619,1383,24429,
620,30,34476,
620,1188,36513,
621,18,23943,
621,1384,23912,
622,26,41656,
622,1385,41022,
623,8,38810,
623,1386,38679,
624,379,24697,
624,1387,23170,
625,316,23772,
625,1189,21990,
626,232,27172,
626,1388,27342,
627,380,25772,
627,1389,27140,
628,94,20683,
628,1390,21954,
629,359,17122,
629,1391,7279,
630,381,30218,
630,1392,29129,
631,84,35072,
631,1393,33685,
632,94,36658,
632,1394,34915,
633,382,19699,
633,1395,19403,
634,40,22879,
634,1396,21967,
635,383,17913,
635,1397,19768,
636,34,24097,
636,1398,24409,
637,232,25314,
637,1036,23468,
638,116,26153,
638,1399,22950,
639,384,25794,
639,1400,24543,
640,316,26040,
640,1401,24680,
641,102,25618,
641,1127,23967,
642,157,26176,
642,1402,26918,
643,8,24756,
643,1403,22450,
644,39,26406,
644,1404,23231,
645,385,21852,
645,1405,20639,
646,281,26441,
646,1406,23898,
647,39,31721,
647,1407,35681,
648,219,32619,
648,1408,35648,
649,170,31812,
649,1409,29494,
650,257,34932,
650,1410,36739,
651,386,18415,
651,1411,19144,
652,253,22430,
652,851,22430,
653,42,19246,
653,1412,21897,
654,17,25491,
654,1413,25906,
655,347,22303,
655,1414,23953,
656,17,26120,
656,851,26120,
657,387,19699,
657,1415,19500,
658,41,22898,
658,1416,20318,
659,388,21347,
659,1417,12734,
660,389,30848,
660,1418,33355,
661,295,33953,
661,1419,31432,
662,279,35117,
662,1420,36411,
663,390,16938,
663,1421,17388,
664,391,21840,
664,988,21900,
665,119,23088,
665,1422,23618,
666,392,20466,
666,1423,20621,
667,92,22664,
667,1424,21370,
668,294,22995,
668,1425,23683,
669,393,17922,
669,1426,18064,
670,171,23398,
670,1427,24245,
671,7,23120,
671,1428,24756,
672,394,27937,
672,1429,30461,
673,355,29282,
673,1430,26873,
674,279,31413,
674,1431,26456,
675,395,19242,
675,1432,19127,
676,58,21939,
676,1433,25461,
677,232,21039,
677,1434,20935,
678,396,17281,
678,1435,9814,
679,150,22198,
679,1297,19395,
680,39,22806,
680,1436,19650,
681,81,28269,
681,1437,28610,
682,290,23159,
682,1438,23127,
683,38,25836,
683,1439,25855,
684,64,23466,
684,1440,23088,
685,9,28438,
685,1441,29509,
686,319,14818,
686,1442,14792,
687,351,17033,
687,1443,16905,
688,156,17251,
688,1444,17117,
689,353,15363,
689,1445,15304,
690,31,18835,
690,1446,17975,
691,109,19115,
691,1447,18940,
692,851,22567,
693,171,19526,
693,1448,18893,
694,397,18695,
694,1449,18513,
695,216,17407,
695,1450,17500,
696,851,20600,
697,142,17655,
697,1451,17480,
698,165,17814,
698,1452,18321,
699,304,31020,
699,1453,28932,
700,305,27059,
700,1454,25818,
701,171,24426,
701,1455,22034,
702,41,31247,
702,1456,31171,
703,356,30633,
703,1457,32352,
704,398,17094,
704,1458,18719,
705,170,19904,
705,1459,19918,
706,114,23200,
706,1460,23353,
707,399,26958,
707,1461,24306,
708,159,25684,
708,1462,23098,
709,400,26520,
709,1463,26287,
710,295,21802,
710,1464,21631,
711,401,21805,
711,1465,23137,
712,111,30948,
712,1466,31681,
713,17,30659,
713,1467,33234,
714,851,49825,
715,402,22896,
715,1468,24684,
716,359,27339,
716,1469,24197,
717,170,20475,
717,1470,21256,
718,403,24565,
718,1471,27935,
719,150,22449,
719,1472,23150,
720,2,15281,
720,1242,18774,
721,404,15799,
721,1473,14350,
722,18,23197,
722,1474,32418,
723,278,18695,
723,1475,19225,
724,292,19558,
724,1476,15521,
725,405,19011,
725,1477,18671,
726,406,17992,
726,1478,17574,
727,407,19288,
727,1479,19051,
728,78,13419,
728,1480,13415,
729,112,18367,
729,1481,18432,
730,408,13417,
730,1482,13394,
731,141,18640,
731,1483,18691,
732,409,11696,
732,1484,11657,
733,410,15365,
733,1485,15817,
734,298,14605,
734,1486,14557,
735,411,18239,
735,1487,18216,
736,412,14230,
736,1488,14183,
737,413,14975,
737,1489,16866,
738,119,20399,
738,1490,20377,
739,414,24514,
739,1491,23767,
740,415,16449,
740,964,16445,
741,416,16736,
741,1492,17306,
742,417,20735,
742,1493,20647,
743,418,24653,
743,1494,24377,
744,419,18307,
744,1459,18100,
745,420,18823,
745,1495,19205,
746,421,19305,
746,1496,19212,
747,194,18883,
747,1497,17730,
748,414,14916,
748,1498,14893,
749,362,19031,
749,1209,19104,
750,260,17057,
750,1499,16835,
751,422,14226,
751,1500,14163,
752,423,14697,
752,1501,14990,
753,424,15041,
753,1502,15004,
754,425,15662,
754,1503,15539,
755,319,14123,
755,1504,13970,
756,426,15818,
756,1505,13653,
757,427,17822,
757,1506,17652,
758,428,19402,
758,1507,19328,
759,384,15218,
759,1447,15135,
760,66,16612,
760,1083,15685,
761,429,15078,
761,1508,15070,
762,430,15054,
762,1509,14611,
763,431,11824,
763,1510,11739,
764,432,13031,
764,1511,15349,
765,353,18215,
765,1512,17564,
766,5,20128,
766,1513,20005,
767,433,15012,
767,1514,15700,
768,434,16472,
768,1515,16194,
769,435,13632,
769,1146,13626,
770,142,12102,
770,1516,11992,
771,307,14668,
771,1088,13646,
772,436,14800,
772,1517,16044,
773,437,13161,
773,1484,13068,
774,438,13232,
774,1518,14557,
775,96,13227,
775,1519,13604,
776,71,14699,
776,1520,14120,
777,295,24269,
777,905,24055,
778,143,23561,
778,1521,21424,
779,439,12421,
779,1522,11835,
780,440,12776,
780,1523,14085,
781,84,24047,
781,1524,24126,
782,81,32380,
782,851,32380,
783,94,18527,
783,1525,18469,
784,18,18933,
784,851,18933,
785,244,19212,
785,1482,19180,
786,441,23864,
786,1526,25188,
787,276,23217,
787,1527,22095,
788,8,19358,
788,1528,17541,
789,442,22635,
789,1529,23837,
790,443,21308,
790,1530,22007,
791,87,22355,
791,851,22355,
792,444,11740,
792,1531,11701,
793,445,13427,
793,1532,14736,
794,94,20028,
794,1533,17721,
795,446,21978,
795,1534,23105,
796,326,21001,
796,1535,20729,
797,122,24704,
797,1536,25325,
798,447,18092,
798,1537,18092,
799,448,17444,
799,1538,18994,
800,449,23491,
800,1539,23474,
801,450,21517,
801,1540,21414,
802,414,24289,
802,1541,24301,
803,287,14660,
803,1542,11846,
804,451,28154,
804,1322,30359,
805,15,25454,
805,1543,24354,
806,163,11244,
806,1544,11103,
807,452,11473,
807,1545,11389,
808,453,12301,
808,1546,13195,
809,454,14239,
809,1547,14897,
810,40,22666,
810,978,22659,
811,455,18949,
811,1548,18830,
812,32,15864,
812,1549,15870,
813,71,21465,
813,1206,21470,
814,40,22934,
814,1550,22747,
815,64,23596,
815,1551,23133,
816,456,20080,
816,1552,20755,
817,94,18760,
817,1553,17625,
818,457,17055,
818,1554,19898,
819,458,26723,
819,1555,26463,
820,297,13795,
820,1556,13810,
821,459,14896,
821,1557,14649,
822,216,13046,
822,1558,12687,
823,258,15593,
823,1559,15088,
824,460,25769,
824,971,25751,
825,422,26667,
825,1560,27975,
826,461,12062,
826,1561,11991,
827,462,13032,
827,1562,13434,
828,463,16497,
828,1563,16472,
829,25,15826,
829,1564,15536,
830,464,20724,
830,1507,20690,
831,465,21630,
831,1565,20830,
832,215,13171,
832,1566,13027,
833,466,16001,
833,1567,15710,
834,33,14752,
834,1568,14662,
835,123,16129,
835,1569,15943,
836,467,14422,
836,1570,14281,
837,468,14610,
837,1571,14418,
838,469,19079,
838,1572,19059,
839,470,20968,
839,1110,22000,
840,248,14962,
840,1573,14802,
841,471,17118,
841,1574,16630,
842,68,19364,
842,1575,19186,
843,146,15941,
843,1576,15164,
844,472,16582,
844,1577,16384,
845,473,17283,
845,1578,17205,
846,474,18189,
846,1579,18497,
847,84,21166,
847,1580,23641,
848,475,18941,
848,1581,18218,
849,287,23464,
849,1582,23211,
850,476,23536,
850,1583,24222,
851,477,17542,
851,1558,17560,
852,478,18535,
852,1584,18735,
853,27,21738,
853,1002,21544,
854,261,23443,
854,1585,22548,
855,479,15882,
855,1586,15700,
856,480,18274,
856,1587,18362,
857,311,14053,
857,965,13812,
858,481,18298,
858,858,18369,
859,216,23777,
859,1588,23813,
860,106,25954,
860,1589,24596,
861,144,15326,
861,1590,15190,
862,482,16878,
862,1591,16607,
863,155,14355,
863,1592,14524,
864,344,16768,
864,1593,16998,
865,112,14772,
865,1001,14629,
866,419,18098,
866,1594,19034,
867,87,27975,
867,851,27975,
868,464,25821,
868,1595,24957,
869,278,11316,
869,1067,7506,
870,483,16774,
870,1596,16889,
871,148,17942,
871,1597,17629,
872,419,20521,
872,1598,20432,
873,484,14001,
873,1599,13668,
874,485,16615,
874,1600,16551,
875,47,15198,
875,1601,14947,
876,47,15164,
876,1602,14908,
877,486,17971,
877,1024,17755,
878,16,18299,
878,1603,17707,
879,277,21570,
879,1604,21462,
880,487,16827,
880,1605,17107,
881,281,22213,
881,1606,22325,
882,2,17733,
882,1607,16917,
883,488,14904,
883,1119,13569,
884,105,15646,
884,1608,17651,
885,81,25080,
885,851,25080,
886,111,14312,
886,1609,13337,
887,489,17340,
887,1610,17101,
888,281,21693,
888,1611,18610,
889,374,20614,
889,1612,16180,
890,202,18498,
890,1613,16396,
891,8,26232,
891,1614,25391,
892,64,28327,
892,1615,29406,
893,490,8871,
893,851,8871,
894,12,19567,
894,1616,18991,
895,491,18023,
895,1617,18001,
896,492,20773,
896,1618,20912,
897,493,24330,
897,1619,24764,
898,257,18432,
898,897,18461,
899,75,19865,
899,1620,20388,
900,321,14331,
900,1621,14697,
901,494,16649,
901,1622,16632,
902,318,16131,
902,1623,14797,
903,111,14977,
903,1624,14600,
904,495,17132,
904,1625,16880,
905,116,19931,
905,1626,18556,
906,496,20046,
906,1627,19413,
907,497,19165,
907,1628,18599,
908,96,26327,
908,1629,26442,
909,102,19305,
909,1630,18095,
910,498,18274,
910,1631,18508,
911,499,17999,
911,1632,18124,
912,87,22026,
912,851,22026,
913,150,25338,
913,1381,24210,
914,500,30343,
914,1633,30425,
915,501,30810,
915,1634,33494,
916,502,15747,
916,1635,16217,
917,503,16294,
917,1636,16236,
918,90,26099,
918,1637,28911,
919,504,27610,
919,1638,27695,
920,141,25856,
920,1639,26556,
921,122,27493,
921,1640,28438,
922,505,30188,
922,1641,31884,
923,149,16340,
923,1642,16319,
924,165,19208,
924,1643,19055,
925,506,21379,
925,1644,21345,
926,507,19310,
926,1645,19298,
927,411,24859,
927,1646,25958,
928,508,25122,
928,1647,27201,
929,293,14993,
929,1648,14877,
930,288,14775,
930,1649,14607,
931,88,16500,
931,1650,16330,
932,509,12426,
932,1651,11801,
933,23,7733,
933,851,7733,
934,254,20400,
934,1652,19816,
935,31,23693,
935,1653,23941,
936,510,14684,
936,1654,15069,
937,511,23455,
937,1655,24685,
938,414,22552,
938,1656,22231,
939,18,21886,
939,1657,21194,
940,141,19943,
940,1658,18242,
941,94,21993,
941,1659,20925,
942,512,19477,
942,1660,20331,
943,851,28700,
944,467,16187,
944,1661,16308,
945,513,20155,
945,1662,22806,
946,391,24416,
946,1663,26359,
947,252,30482,
947,1664,27384,
948,161,29011,
948,1105,27708,
949,514,14467,
949,1665,15434,
950,104,16076,
950,1666,16074,
951,84,7189,
951,851,7189,
952,92,24248,
952,1667,22948,
953,515,19612,
953,1668,9565,
954,8,21796,
954,1669,19873,
955,23,28663,
955,1670,29234,
956,88,28259,
956,1671,28314,
957,516,15040,
957,1672,14640,
958,517,7465,
958,851,7465,
959,464,27624,
959,1673,26664,
960,346,21742,
960,1674,21880,
961,114,14735,
961,1675,13904,
962,116,7627,
962,851,7627,
963,518,18995,
963,1676,18689,
964,44,17794,
964,1662,17991,
965,378,20722,
965,1677,20690,
966,519,17420,
966,1630,16962,
967,520,11359,
967,1678,11987,
968,28,14441,
968,1679,14279,
969,233,14644,
969,1575,14507,
970,137,12241,
970,1680,14569,
971,80,23944,
971,1681,24337,
972,162,9991,
972,1682,8135,
973,171,20419,
973,1683,18740,
974,53,12328,
974,1684,8855,
975,489,7848,
975,1685,7837,
976,100,17222,
976,1686,16703,
977,521,16478,
977,1687,18163,
978,384,16415,
978,1688,16055,
979,522,16617,
979,1689,16461,
980,7,23313,
980,1690,21355,
981,255,18521,
981,957,18114,
982,523,15808,
982,1143,14954,
983,288,19151,
983,1691,19272,
984,81,29760,
984,851,29760,
985,318,10576,
985,1692,10679,
986,124,16628,
986,1693,16602,
987,84,22860,
987,1182,23764,
988,381,20528,
988,1694,16479,
989,68,19676,
989,1695,15021,
990,64,28178,
990,1696,26243,
991,362,28499,
991,1697,27972,
992,524,25407,
992,1698,26487,
993,525,14513,
993,1699,15674,
994,526,14939,
994,1700,15039,
995,483,15236,
995,1701,15252,
996,527,16470,
996,1702,15830,
997,528,17184,
997,1703,19647,
998,529,21919,
998,1704,22682,
999,102,22582,
999,1018,22826,
1000,68,22622,
1000,867,18216,
1001,530,22865,
1001,1705,24459,
1002,531,18601,
1002,1706,20632,
1003,81,24233,
1003,851,24233,
1004,277,20142,
1004,1707,13819,
1005,532,34267,
1005,1708,35040,
1006,533,32553,
1006,1612,35018,
1007,534,13594,
1007,1709,14535,
1008,25,14975,
1008,1705,16146,
1009,42,25271,
1009,1710,23364,
1010,535,25626,
1010,1711,31676,
1011,295,23783,
1011,1695,17544,
1012,533,29634,
1012,1712,36211,
1013,76,27464,
1013,1713,33753,
1014,536,14135,
1014,1714,14993,
1015,537,20021,
1015,1485,21063,
1016,68,18925,
1016,1014,18955,
1017,538,8703,
1017,851,8703,
1018,330,19559,
1018,1715,19529,
1019,24,22691,
1019,1716,22186,
1020,539,22276,
1020,1717,21958,
1021,295,24728,
1021,1718,27775,
1022,334,24821,
1022,1719,22956,
1023,287,18745,
1023,1720,9769,
1024,68,24757,
1024,1721,23282,
1025,150,27927,
1025,1722,30126,
1026,326,25910,
1026,1723,26294,
1027,378,10370,
1027,851,10370,
1028,36,19882,
1028,1724,20404,
1029,372,23553,
1029,1725,22662,
1030,540,25543,
1030,1726,26374,
1031,183,8341,
1031,851,8341,
1032,541,16651,
1032,1727,16558,
1033,542,18005,
1033,1641,18594,
1034,538,23194,
1034,1728,22371,
1035,482,23894,
1035,1567,25304,
1036,418,16048,
1036,1729,15915,
1037,543,16564,
1037,1730,17723,
1038,367,18332,
1038,1731,18258,
1039,346,21305,
1039,1732,21045,
1040,58,22150,
1040,1733,22276,
1041,85,16941,
1041,1734,10686,
1042,5,26330,
1042,999,27012,
1043,544,26534,
1043,1735,26689,
1044,545,16821,
1044,1535,16627,
1045,546,18685,
1045,1736,18524,
1046,88,19297,
1046,1737,18626,
1047,65,21917,
1047,1738,22044,
1048,547,15017,
1048,1739,14894,
1049,453,14387,
1049,1740,16560,
1050,134,16703,
1050,1741,16514,
1051,548,18673,
1051,1742,18526,
1052,489,16324,
1052,1743,15964,
1053,549,17790,
1053,1246,18664,
1054,26,24217,
1054,1744,26167,
1055,87,30017,
1055,1745,31712,
1056,295,21466,
1056,1746,21498,
1057,171,24272,
1057,1747,24292,
1058,550,19738,
1058,1748,19467,
1059,851,25350,
1060,551,21983,
1060,1749,24242,
1061,253,28707,
1061,1750,24947,
1062,171,19658,
1062,1751,19180,
1063,552,20473,
1063,1752,19854,
1064,553,21811,
1064,1753,22844,
1065,81,23167,
1065,851,23167,
1066,554,18751,
1066,922,18707,
1067,555,17687,
1067,1754,22163,
1068,539,19023,
1068,1755,18449,
1069,556,22268,
1069,1756,22222,
1070,557,20994,
1070,1572,21011,
1071,159,22726,
1071,1757,21378,
1072,287,22037,
1072,1758,21938,
1073,233,16866,
1073,1295,10094,
1074,558,27341,
1074,1759,28101,
1075,527,28453,
1075,1760,29054,
1076,559,13078,
1076,1761,12910,
1077,484,13468,
1077,1762,13327,
1078,560,14475,
1078,1763,15944,
1079,561,15831,
1079,1764,14817,
1080,407,16688,
1080,965,16578,
1081,562,16307,
1081,1765,16210,
1082,165,14372,
1082,880,14367,
1083,167,19643,
1083,1766,19152,
1084,40,20064,
1084,1767,19977,
1085,41,18888,
1085,1768,17415,
1086,563,16491,
1086,1769,19154,
1087,183,17804,
1087,1770,16627,
1088,400,24077,
1088,1771,26705,
1089,564,25038,
1089,1772,25302,
1090,16,16055,
1090,1592,15705,
1091,491,19161,
1091,1773,20546,
1092,362,21716,
1092,1774,20989,
1093,111,22814,
1093,1775,23408,
1094,565,15201,
1094,964,15186,
1095,566,17834,
1095,1776,17882,
1096,417,24255,
1096,1575,23817,
1097,567,26755,
1097,1777,28261,
1098,568,13836,
1098,1778,13453,
1099,569,14612,
1099,1779,15505,
1100,65,18226,
1100,1208,18230,
1101,520,18154,
1101,1780,18098,
1102,20,14280,
1102,1781,13946,
1103,4,16512,
1103,1782,16534,
1104,167,17418,
1104,1783,17234,
1105,174,19763,
1105,1784,19743,
1106,407,19229,
1106,1785,18922,
1107,120,23430,
1107,1786,23463,
1108,235,13422,
1108,1094,13410,
1109,570,13273,
1109,1787,14176,
1110,226,19532,
1110,1731,19408,
1111,571,21350,
1111,1788,22782,
1112,347,23708,
1112,1789,23123,
1113,851,41750,
1114,460,26201,
1114,1790,27951,
1115,171,24445,
1115,1791,24044,
1116,28,13755,
1116,1792,13336,
1117,6,15699,
1117,1793,15521,
1118,252,15001,
1118,1794,14959,
1119,346,16400,
1119,957,16425,
1120,399,25244,
1120,1795,24719,
1121,82,26739,
1121,1796,27646,
1122,162,20539,
1122,1215,20356,
1123,572,18445,
1123,1797,19331,
1124,257,21419,
1124,1798,20966,
1125,140,23456,
1125,1799,23828,
1126,307,22998,
1126,1740,21498,
1127,490,26492,
1127,1800,29720,
1128,287,19631,
1128,1033,19412,
1129,573,22210,
1129,1801,23286,
1130,537,15002,
1130,1413,14935,
1131,106,15992,
1131,1802,15944,
1132,146,17192,
1132,1803,17058,
1133,290,19795,
1133,1683,19713,
1134,574,20217,
1134,1804,21739,
1135,575,14075,
1135,1628,15696,
1136,576,13982,
1136,1805,14691,
1137,577,14641,
1137,1806,15004,
1138,491,21632,
1138,1807,21474,
1139,187,25310,
1139,1808,26496,
1140,378,25066,
1140,1809,22935,
1141,249,16620,
1141,1810,15924,
1142,533,19611,
1142,1811,18674,
1143,232,18567,
1143,1299,17886,
1144,578,15553,
1144,1812,15116,
1145,175,19856,
1145,1813,19598,
1146,334,21604,
1146,1814,21565,
1147,38,7784,
1147,851,7784,
1148,172,19556,
1148,1815,21815,
1149,347,11304,
1149,1816,11108,
1150,378,17534,
1150,1817,17436,
1151,183,21815,
1151,1818,21168,
1152,41,13648,
1152,1819,14224,
1153,579,16466,
1153,1820,16219,
1154,80,18068,
1154,1821,15168,
1155,362,17831,
1155,1394,17142,
1156,337,19628,
1156,1822,20190,
1157,421,23200,
1157,1823,22339,
1158,350,22971,
1158,1824,22987,
1159,23,22106,
1159,1825,21747,
1160,433,21166,
1160,1826,21290,
1161,87,32468,
1161,1827,34026,
1162,81,28241,
1162,851,28241,
1163,134,18549,
1163,1828,17872,
1164,241,16702,
1164,1829,17093,
1165,851,25880,
1166,446,10568,
1166,851,10568,
1167,356,34193,
1167,1830,41771,
1168,80,27885,
1168,1733,29924,
1169,368,18235,
1169,1831,19201,
1170,81,33708,
1170,851,33708,
1171,141,28573,
1171,1832,30224,
1172,355,30154,
1172,1585,33298,
1173,580,14115,
1173,1833,14440,
1174,581,14044,
1174,1834,16518,
1175,582,17183,
1175,1835,17062,
1176,479,18653,
1176,1836,18685,
1177,583,22674,
1177,1837,26251,
1178,141,26864,
1178,1838,27091,
1179,253,20999,
1179,1839,20696,
1180,34,24902,
1180,1840,27056,
1181,584,25728,
1181,1841,26404,
1182,851,20950,
1183,347,24823,
1183,1842,24102,
1184,585,23306,
1184,1843,27506,
1185,586,26320,
1185,1844,27396,
1186,587,13489,
1186,1845,15014,
1187,450,21967,
1187,1846,21942,
1188,81,21434,
1188,1121,22430,
1189,80,21251,
1189,1595,19948,
1190,19,17643,
1190,1847,17719,
1191,588,16651,
1191,1848,17654,
1192,81,20600,
1192,851,20600,
1193,589,23593,
1193,1849,24160,
1194,58,28437,
1194,1850,28142,
1195,94,28490,
1195,1851,28354,
1196,590,25072,
1196,1852,26667,
1197,548,28925,
1197,1853,25893,
1198,81,29925,
1198,851,29925,
1199,591,25305,
1199,1356,25477,
1200,171,34600,
1200,1854,39512,
1201,17,29658,
1201,1855,32900,
1202,592,29827,
1202,1856,31952,
1203,42,31390,
1203,1857,42489,
1204,81,37132,
1204,1222,38974,
1205,301,23561,
1205,1858,23449,
1206,517,23283,
1206,1859,23435,
1207,116,24228,
1207,1860,24200,
1208,300,17935,
1208,851,17935,
1209,81,19400,
1209,851,19400,
1210,120,18112,
1210,1861,19744,
1211,326,21079,
1211,1862,21049,
1212,54,16819,
1212,1863,16144,
1213,96,19235,
1213,1864,19284,
1214,851,36367,
1215,143,27649,
1215,1865,28407,
1216,202,24802,
1216,1866,23021,
1217,304,21398,
1217,1867,21030,
1218,304,26003,
1218,1868,23287,
1219,593,21197,
1219,1869,23113,
1220,81,33280,
1220,851,33280,
1221,594,14618,
1221,1870,16655,
1222,595,19561,
1222,1871,19603,
1223,596,13298,
1223,1872,8636,
1224,597,16540,
1224,1873,16461,
1225,598,15254,
1225,1874,16657,
1226,87,24395,
1226,851,24395,
1227,164,19694,
1227,1875,19817,
1228,253,22494,
1228,1876,22483,
1229,80,21915,
1229,1877,22071,
1230,141,20454,
1230,1878,20810,
1231,256,18913,
1231,1879,19258,
1232,81,24056,
1232,851,24056,
1233,2,26017,
1233,1880,13707,
1234,599,37211,
1234,1881,38560,
1235,164,37479,
1235,1882,36550,
1236,26,35733,
1236,1883,26704,
1237,851,20375,
1238,87,31655,
1238,851,31655,
1239,81,54656,
1239,851,54656,
1240,851,52300,
1241,278,32566,
1241,1884,33168,
1242,600,35356,
1242,1885,32191,
1243,341,25976,
1243,1886,24228,
1244,102,24092,
1244,1887,24555,
1245,156,34054,
1245,1888,27839,
1246,159,27476,
1246,1889,26825,
1247,81,31077,
1247,974,31509,
1248,601,29316,
1248,1479,29289,
1249,18,38250,
1249,1890,41307,
1250,87,31418,
1250,1891,28655,
1251,419,28193,
1251,1892,26985,
1252,88,32251,
1252,1893,27235,
1253,602,14893,
1253,1024,15462,
1254,603,19472,
1254,1894,19424,
1255,429,11543,
1255,1895,7635,
1256,239,16497,
1256,1896,16451,
1257,604,17008,
1257,1897,18174,
1258,162,8910,
1258,851,8910,
1259,81,30332,
1259,1745,30861,
1260,157,32672,
1260,1898,32149,
1261,253,33414,
1261,1899,36632,
1262,304,27560,
1262,1900,27624,
1263,586,30285,
1263,1901,28378,
1264,341,30507,
1264,1902,28435,
1265,851,27250,
1266,37,26635,
1266,1903,26150,
1267,202,26213,
1267,1270,20752,
1268,1733,41450,
1269,26,32203,
1269,1904,32886,
1270,605,26799,
1270,1905,27452,
1271,606,28318,
1271,1906,29166,
1272,171,36320,
1272,1907,35892,
1273,281,28460,
1273,1908,27091,
1274,607,30348,
1274,1909,30316,
1275,162,29420,
1275,1910,29255,
1276,851,22500,
1277,254,17916,
1277,1027,17923,
1278,17,25852,
1278,851,25852,
1279,851,14750,
1280,295,17861,
1280,1911,17162,
1281,253,19775,
1281,1912,19654,
1282,851,21017,
1283,608,17193,
1283,1913,17886,
1284,81,25058,
1284,851,25058,
1285,851,19900,
1286,92,25015,
1286,1914,25827,
1287,68,22406,
1287,1081,20700,
1288,80,20955,
1288,1915,21278,
1289,7,22609,
1289,1916,19833,
1290,527,20519,
1290,1917,19551,
1291,851,49700,
1292,146,31464,
1292,1918,34702,
1293,80,30758,
1293,1403,27794,
1294,87,33216,
1294,1189,39926,
1295,150,28996,
1295,1919,27852,
1296,379,28106,
1296,1920,26662,
1297,851,37100,
1298,609,16828,
1298,1921,16991,
1299,131,21766,
1299,1922,21805,
1300,610,18294,
1300,1923,22016,
1301,611,17634,
1301,1924,16966,
1302,612,18996,
1302,1925,19912,
1303,81,23770,
1303,851,23770,
1304,493,28400,
1304,1926,28609,
1305,87,40968,
1305,1927,43160,
1306,81,30280,
1306,941,29475,
1307,613,26600,
1307,1928,23288,
1308,92,37013,
1308,1929,52228,
1309,851,46500,
1310,277,17245,
1310,1746,17255,
1311,851,22500,
1312,1747,18633,
1313,345,16017,
1313,1930,15503,
1314,277,18105,
1314,1931,19204,
1315,851,14700,
1316,614,15840,
1316,1932,17250,
1317,141,24216,
1317,1933,24765,
1318,64,20869,
1318,1934,20277,
1319,284,16203,
1319,1935,17664,
1320,615,16876,
1320,1936,17547,
1321,17,23986,
1321,1937,24222,
1322,125,17518,
1322,1582,17374,
1323,851,59207,
1324,80,24604,
1324,851,24604,
1325,616,18346,
1325,1938,18142,
1326,550,17838,
1326,1939,19153,
1327,81,32112,
1327,851,32112,
1328,233,36060,
1328,1852,43606,
1329,81,31973,
1329,1270,29133,
1330,1747,20567,
1331,13,27160,
1331,1940,25114,
1332,232,30968,
1332,1941,28751,
1333,92,18502,
1333,851,18502,
1334,851,21300,
1335,87,20913,
1335,1942,20510,
1336,419,18111,
1336,1943,18316,
1337,292,15422,
1337,1944,15469,
1338,617,27347,
1338,1058,26438,
1339,202,34615,
1339,1945,37795,
1340,81,21164,
1340,851,21164,
1341,618,24392,
1341,1946,27807,
1342,292,26346,
1342,1947,31505,
1343,105,15541,
1343,1948,15515,
1344,171,21311,
1344,1949,20196,
1345,281,18532,
1345,1950,17820,
1346,425,14489,
1346,1951,14156,
1347,151,15336,
1347,1952,16212,
1348,141,8637,
1348,1953,7247,
1349,619,19514,
1349,1954,19346,
1350,26,25430,
1350,1279,27027,
1351,255,17545,
1351,1858,17553,
1352,14,18948,
1352,1955,18739,
1353,548,22236,
1353,1956,22579,
1354,851,10700,
1355,41,15265,
1355,851,15265,
1356,81,29743,
1356,851,29743,
1357,165,18227,
1357,1957,18728,
1358,8,16560,
1358,851,16560,
1359,421,25235,
1359,1958,24828,
1360,87,31917,
1360,1959,29901,
1361,851,18800,
1362,17,30271,
1362,1960,34621,
1363,95,23691,
1363,949,20954,
1364,620,16252,
1364,1961,16041,
1365,3,16432,
1365,1962,16057,
1366,21,17161,
1366,1963,17074,
1367,42,15484,
1367,1964,14761,
1368,433,18065,
1368,1965,17971,
1369,621,16527,
1369,1966,16542,
1370,419,20836,
1370,1967,20981,
1371,311,11509,
1371,1968,8049,
1372,622,16876,
1372,1969,16891,
1373,483,16804,
1373,1124,16603,
1374,851,20033,
1375,281,26463,
1375,1006,32810,
1376,264,28565,
1376,1970,26794,
1377,202,18225,
1377,1122,17195,
1378,41,26634,
1378,1971,26078,
1379,159,31671,
1379,1972,34388,
1380,378,14722,
1380,1973,13283,
1381,37,16657,
1381,1974,16366,
1382,28,16268,
1382,1339,15254,
1383,30,17373,
1383,1975,16517,
1384,175,21143,
1384,1976,21068,
1385,12,21555,
1385,1547,19818,
1386,171,25764,
1386,1977,23811,
1387,68,22076,
1387,1978,19055,
1388,304,24919,
1388,1421,22645,
1389,9,21502,
1389,1979,22364,
1390,87,20647,
1390,851,20647,
1391,165,11463,
1391,851,11463,
1392,291,24775,
1392,1980,25626,
1393,12,16481,
1393,1981,15437,
1394,241,17359,
1394,1982,16904,
1395,623,18425,
1395,1222,17629,
1396,122,19212,
1396,1983,22355,
1397,80,24023,
1397,1984,24465,
1398,18,21038,
1398,1985,19545,
1399,304,25062,
1399,1986,18431,
1400,40,22432,
1400,1987,22949,
1401,81,26831,
1401,851,26831,
1402,304,26107,
1402,1988,24128,
1403,624,22915,
1403,1989,9484,
1404,68,22417,
1404,1990,20285,
1405,150,30182,
1405,1991,29307,
1406,224,28303,
1406,1992,26618,
1407,396,7960,
1407,851,7960,
1408,148,18162,
1408,1993,14789,
1409,292,19195,
1409,1994,17154,
1410,80,22592,
1410,1995,22410,
1411,80,20765,
1411,851,20765,
1412,253,20119,
1412,1996,19607,
1413,151,17067,
1413,1997,17323,
1414,81,23211,
1414,851,23211,
1415,183,7875,
1415,851,7875,
1416,625,12964,
1416,1998,13122,
1417,209,23304,
1417,1999,24893,
1418,626,28980,
1418,1359,30844,
1419,627,31462,
1419,2000,32057,
1420,628,25838,
1420,1074,28932,
1421,141,34862,
1421,2001,33668,
1422,2,26452,
1422,2002,27229,
1423,629,31219,
1423,2003,32085,
1424,277,24239,
1424,2004,26405,
1425,851,31825,
1426,630,13045,
1426,2005,13911,
1427,631,14726,
1427,2006,17277,
1428,632,15970,
1428,2007,16083,
1429,633,18671,
1429,2008,21475,
1430,128,21905,
1430,2009,26518,
1431,634,13356,
1431,2010,13719,
1432,635,11014,
1432,2011,10450,
1433,195,9800,
1433,2012,9799,
1434,636,12396,
1434,2013,12996,
1435,637,12794,
1435,2014,13449,
1436,638,19162,
1436,2015,23521,
1437,21,29992,
1437,2016,30680,
1438,183,30636,
1438,2017,30869,
1439,85,22967,
1439,1046,22058,
1440,567,17313,
1440,2018,16725,
1441,601,16804,
1441,2019,16740,
1442,14,17465,
1442,2020,17431,
1443,429,24834,
1443,2021,24436,
1444,68,23807,
1444,2022,26224,
1445,171,24189,
1445,2023,20751,
1446,489,20938,
1446,2024,21189,
1447,639,20701,
1447,2025,22143,
1448,81,26780,
1448,851,26780,
1449,257,22231,
1449,2026,23353,
1450,298,30741,
1450,2027,31146,
1451,640,27552,
1451,2028,25738,
1452,135,14677,
1452,2029,15871,
1453,364,16588,
1453,2030,16182,
1454,301,21831,
1454,2031,21141,
1455,641,21418,
1455,2032,22539,
1456,39,18635,
1456,2033,16567,
1457,16,26753,
1457,2034,25640,
1458,12,28819,
1458,2035,31130,
1459,40,7770,
1459,851,7770,
1460,85,14621,
1460,1924,14211,
1461,166,42700,
1461,2036,46798,
1462,17,41469,
1462,1345,40050,
1463,851,89200,
1464,605,31295,
1464,2037,29843,
1465,38,39019,
1465,2038,38223,
1466,253,34204,
1466,1428,35513,
1467,143,21004,
1467,2039,19688,
1468,18,33005,
1468,2040,33716,
1469,202,30637,
1469,2041,31186,
1470,355,31685,
1470,2042,33533,
1471,148,16094,
1471,1749,14922,
1472,233,20257,
1472,2043,19288,
1473,183,23162,
1473,943,24148,
1474,292,17191,
1474,2044,16778,
1475,378,22144,
1475,1177,22595,
1476,36,18819,
1476,1134,17710,
1477,642,12680,
1477,2045,11805,
1478,221,13763,
1478,2046,13410,
1479,643,13525,
1479,2047,13587,
1480,120,26036,
1480,2048,27773,
1481,501,29453,
1481,2049,28943,
1482,41,31641,
1482,2050,31495,
1483,556,33035,
1483,2051,38564,
1484,644,34198,
1484,2052,37872,
1485,504,41703,
1485,2053,42718,
1486,378,28602,
1486,1099,26954,
1487,548,29812,
1487,2054,25966,
1488,233,29016,
1488,2055,28247,
1489,172,25222,
1489,2056,25315,
1490,578,27633,
1490,2057,23263,
1491,299,23686,
1491,2058,22992,
1492,22,13778,
1492,2059,13326,
1493,215,14441,
1493,2060,13646,
1494,645,12788,
1494,2061,12762,
1495,42,23456,
1495,2062,24797,
1496,646,30722,
1496,2063,31378,
1497,119,28972,
1497,2064,25543,
1498,505,11356,
1498,851,11356,
1499,10,16184,
1499,2065,16155,
1500,851,11000,
1501,647,13761,
1501,2066,15110,
1502,556,16773,
1502,2067,16530,
1503,648,19143,
1503,2068,18055,
1504,522,23777,
1504,2069,24223,
1505,245,23370,
1505,2070,24834,
1506,514,26172,
1506,2071,26115,
1507,583,12043,
1507,2072,12061,
1508,195,13500,
1508,2073,14309,
1509,382,14022,
1509,2074,15137,
1510,649,15525,
1510,2075,15996,
1511,650,16850,
1511,2076,16767,
1512,651,13796,
1512,2077,13957,
1513,324,18974,
1513,2078,18966,
1514,143,19727,
1514,2079,19747,
1515,344,16588,
1515,2080,16966,
1516,430,15441,
1516,1522,15882,
1517,95,11973,
1517,2081,12520,
1518,225,12001,
1518,2082,12365,
1519,411,13062,
1519,2083,13414,
1520,508,14725,
1520,2084,14420,
1521,652,13911,
1521,2085,14758,
1522,21,20860,
1522,2086,21015,
1523,264,18537,
1523,2087,18407,
1524,653,14459,
1524,2088,14320,
1525,654,14044,
1525,1614,15686,
1526,81,26312,
1526,851,26312,
1527,655,14567,
1527,2089,15228,
1528,68,21123,
1528,1747,21887,
1529,170,11431,
1529,2090,7377,
1530,656,15235,
1530,2091,17262,
1531,657,16062,
1531,1376,17210,
1532,87,19829,
1532,851,19829,
1533,27,18667,
1533,1426,20868,
1534,367,32195,
1534,2092,33318,
1535,116,25166,
1535,2093,21921,
1536,64,21853,
1536,2084,20898,
1537,658,29800,
1537,1867,30060,
1538,146,23539,
1538,2094,23979,
1539,132,27241,
1539,2095,28496,
1540,241,27978,
1540,2096,27985,
1541,168,11177,
1541,2097,12955,
1542,659,12051,
1542,2098,12043,
1543,218,16863,
1543,2099,15642,
1544,404,21390,
1544,2100,21368,
1545,417,18817,
1545,1071,17636,
1546,372,20296,
1546,2101,21536,
1547,525,11673,
1547,2102,12555,
1548,660,15195,
1548,2103,15893,
1549,661,22125,
1549,1235,18479,
1550,662,26763,
1550,2104,27517,
1551,172,16019,
1551,2105,9970,
1552,171,17620,
1552,851,17620,
1553,300,23437,
1553,2106,24318,
1554,68,22902,
1554,851,22902,
1555,464,22930,
1555,2107,17107,
1556,20,25736,
1556,2108,27293,
1557,663,13826,
1557,2109,15313,
1558,67,14174,
1558,1250,15192,
1559,664,12064,
1559,2110,12959,
1560,665,14817,
1560,2111,15841,
1561,666,13662,
1561,1518,14932,
1562,114,17422,
1562,2112,17374,
1563,314,19689,
1563,2113,16568,
1564,429,22366,
1564,2114,22425,
1565,172,16002,
1565,2115,10523,
1566,42,22430,
1566,2116,23543,
1567,36,15015,
1567,2117,13227,
1568,450,17606,
1568,2118,17240,
1569,42,27945,
1569,2119,26644,
1570,463,27815,
1570,2120,31339,
1571,2,24634,
1571,2121,23285,
1572,347,29510,
1572,2122,29071,
1573,548,31954,
1573,2123,28652,
1574,278,14856,
1574,2124,13993,
1575,595,13315,
1575,2125,14561,
1576,202,15638,
1576,2126,16228,
1577,2,18765,
1577,2127,19849,
1578,150,18459,
1578,2128,19758,
1579,667,10386,
1579,2129,9962,
1580,668,11728,
1580,1388,12114,
1581,520,10549,
1581,2130,10006,
1582,228,12514,
1582,2131,11813,
1583,669,12191,
1583,2132,11666,
1584,670,16330,
1584,900,16385,
1585,671,14088,
1585,2133,13391,
1586,119,12735,
1586,2134,12075,
1587,672,13838,
1587,1330,13885,
1588,673,15978,
1588,2135,15496,
1589,111,18825,
1589,1781,18523,
1590,674,18934,
1590,2136,18938,
1591,623,14102,
1591,2137,13835,
1592,264,25491,
1592,2138,22998,
1593,404,26659,
1593,2139,25270,
1594,421,28601,
1594,2140,28230,
1595,39,24278,
1595,1609,25621,
1596,304,26608,
1596,2141,22744,
1597,675,22625,
1597,2142,24518,
1598,676,27849,
1598,2143,28145,
1599,677,28942,
1599,2144,30834,
1600,362,18682,
1600,2145,18370,
1601,173,20503,
1601,2146,18350,
1602,7,20045,
1602,884,17577,
1603,391,27897,
1603,1393,27395,
1604,257,29006,
1604,2147,31768,
1605,164,32421,
1605,2148,39996,
1606,297,31000,
1606,2149,28018,
1607,490,30997,
1607,2150,31807,
1608,616,30257,
1608,2151,31530,
1609,7,25647,
1609,2152,21937,
1610,548,17884,
1610,2153,8979,
1611,87,20728,
1611,2154,19974,
1612,41,25345,
1612,2155,25773,
1613,164,24903,
1613,2156,24039,
1614,184,24186,
1614,2157,23854,
1615,678,18480,
1615,2158,19152,
1616,70,14075,
1616,2159,13816,
1617,294,24374,
1617,1469,24447,
1618,277,22330,
1618,2160,21577,
1619,421,20235,
1619,2161,18129,
1620,679,18250,
1620,2162,19581,
1621,43,15111,
1621,2163,13300,
1622,474,16890,
1622,2164,10214,
1623,78,24661,
1623,2165,25444,
1624,64,20308,
1624,2166,20109,
1625,680,17661,
1625,1487,22225,
1626,278,18768,
1626,2167,14283,
1627,372,25451,
1627,2168,20340,
1628,53,21794,
1628,2169,27070,
1629,8,25974,
1629,2170,26434,
1630,81,42886,
1630,2171,31840,
1631,81,22417,
1631,1222,22180,
1632,681,24009,
1632,2172,23931,
1633,255,25095,
1633,2173,24745,
1634,682,33499,
1634,2174,35056,
1635,8,31195,
1635,2175,30692,
1636,141,33728,
1636,1605,30060,
1637,683,38078,
1637,2176,37376,
1638,477,24641,
1638,2177,23374,
1639,87,32713,
1639,851,32713,
1640,202,24932,
1640,1747,24970,
1641,851,22900,
1642,851,19900,
1643,202,27601,
1643,1646,26340,
1644,26,20236,
1644,2178,19612,
1645,119,28834,
1645,2179,29677,
1646,87,22050,
1646,1747,19833,
1647,87,17450,
1647,1270,12966,
1648,341,24692,
1648,2180,23906,
1649,337,25834,
1649,2181,25759,
1650,851,27167,
1651,258,35260,
1651,2182,35467,
1652,18,35752,
1652,1850,42277,
1653,81,29435,
1653,2154,27860,
1654,9,38982,
1654,2183,41425,
1655,294,29347,
1655,2184,28633,
1656,148,15822,
1656,2185,14492,
1657,684,17809,
1657,2186,17651,
1658,295,14782,
1658,2187,14494,
1659,378,18015,
1659,2188,16423,
1660,429,15730,
1660,2189,14475,
1661,685,13654,
1661,2190,13658,
1662,236,12960,
1662,2191,13061,
1663,686,13110,
1663,851,13110,
1664,687,12981,
1664,2192,12892,
1665,688,12871,
1665,2193,14133,
1666,689,13287,
1666,1885,12570,
1667,690,12347,
1667,895,12348,
1668,81,12291,
1668,2194,12129,
1669,489,11771,
1669,997,11803,
1670,463,14561,
1670,1746,14561,
1671,126,14605,
1671,2195,15624,
1672,636,13609,
1672,2196,13603,
1673,691,13594,
1673,2197,13798,
1674,365,15308,
1674,2198,14500,
1675,692,14431,
1675,1541,14431,
1676,58,20824,
1676,1270,19041,
1677,295,20069,
1677,2199,15088,
1678,693,20483,
1678,1980,23849,
1679,694,24179,
1679,2200,25034,
1680,183,14058,
1680,1011,13426,
1681,183,16223,
1681,2201,13774,
1682,623,24063,
1682,2124,24514,
1683,146,21256,
1683,2202,23601,
1684,282,27475,
1684,2203,29606,
1685,224,27148,
1685,2204,25422,
1686,304,28427,
1686,2205,25325,
1687,218,18058,
1687,1004,8897,
1688,68,24228,
1688,1575,24032,
1689,232,32378,
1689,2206,25246,
1690,102,30373,
1690,2207,28858,
1691,695,12885,
1691,2208,12891,
1692,696,13563,
1692,943,12711,
1693,381,12156,
1693,2209,12163,
1694,697,13110,
1694,2210,13303,
1695,698,13277,
1695,1922,13443,
1696,42,22565,
1696,2211,20149,
1697,699,27986,
1697,2212,30739,
1698,295,20472,
1698,2213,18379,
1699,16,24918,
1699,2214,25576,
1700,311,27264,
1700,1770,26690,
1701,307,17872,
1701,2215,17340,
1702,700,17534,
1702,1022,17626,
1703,623,16401,
1703,2216,14536,
1704,165,20364,
1704,2070,18827,
1705,379,20148,
1705,2217,20050,
1706,278,26318,
1706,2218,23120,
1707,620,20079,
1707,2219,10519,
1708,26,22115,
1708,1189,18900,
1709,116,27734,
1709,2220,29194,
1710,92,28768,
1710,2221,29203,
1711,202,24084,
1711,2222,24786,
1712,47,15528,
1712,2223,15545,
1713,81,27311,
1713,1308,31000,
1714,8,20658,
1714,2224,20638,
1715,292,14987,
1715,2225,8456,
1716,362,21432,
1716,2226,20525,
1717,57,19750,
1717,1671,22718,
1718,184,16433,
1718,2227,15632,
1719,11,23085,
1719,2228,22524,
1720,372,24688,
1720,2229,22500,
1721,307,23997,
1721,2230,23370,
1722,701,18814,
1722,2231,9339,
1723,8,20808,
1723,1222,19623,
1724,307,26027,
1724,2232,23277,
1725,533,28143,
1725,2233,24628,
1726,253,22596,
1726,2234,23613,
1727,378,16161,
1727,2235,16577,
1728,851,43967,
1729,84,23655,
1729,2236,26802,
1730,170,21078,
1730,2237,8173,
1731,255,21922,
1731,2238,20611,
1732,702,21260,
1732,1554,24660,
1733,7,19177,
1733,2239,17785,
1734,292,24573,
1734,2240,24261,
1735,292,25859,
1735,2241,27400,
1736,26,28754,
1736,2242,28178,
1737,1733,27230,
1738,50,31561,
1738,2243,31620,
1739,84,33173,
1739,2244,33330,
1740,80,29238,
1740,2245,33661,
1741,851,34700,
1742,27,29772,
1742,2246,30901,
1743,87,26692,
1743,851,26692,
1744,92,32526,
1744,1673,32219,
1745,851,41800,
1746,164,22197,
1746,1105,20485,
1747,4,23009,
1747,2247,26416,
1748,8,18396,
1748,2248,17234,
1749,119,22989,
1749,2249,23391,
1750,388,24707,
1750,2250,22571,
1751,87,30246,
1751,1467,16983,
1752,22,22725,
1752,2251,21137,
1753,87,24562,
1753,2252,27215,
1754,58,28608,
1754,2253,24609,
1755,334,34981,
1755,2254,33795,
1756,430,18409,
1756,2255,18293,
1757,703,17135,
1757,2256,15908,
1758,184,17918,
1758,2257,16510,
1759,588,17507,
1759,1239,17863,
1760,323,19481,
1760,2258,20567,
1761,92,28267,
1761,2259,29588,
1762,704,28738,
1762,2260,30008,
1763,316,23948,
1763,2261,23013,
1764,167,31304,
1764,2262,32431,
1765,527,33371,
1765,1521,33896,
1766,705,11505,
1766,1572,11506,
1767,143,16382,
1767,1490,16275,
1768,81,24499,
1768,2194,23796,
1769,379,18387,
1769,1762,18431,
1770,90,22494,
1770,2263,20919,
1771,706,22298,
1771,2264,24639,
1772,295,18003,
1772,2265,16752,
1773,222,25347,
1773,2266,25847,
1774,28,27877,
1774,2267,28653,
1775,141,26324,
1775,2022,22910,
1776,452,21927,
1776,2268,17716,
1777,68,21464,
1777,2262,21897,
1778,232,28044,
1778,2269,25648,
1779,362,30292,
1779,2270,29240,
1780,505,11373,
1780,2271,11340,
1781,707,11389,
1781,2272,10700,
1782,417,9765,
1782,1588,9761,
1783,102,17591,
1783,2273,16891,
1784,6,13978,
1784,2274,13822,
1785,418,13589,
1785,2275,15205,
1786,708,10914,
1786,2276,11560,
1787,709,14666,
1787,2277,15237,
1788,710,13704,
1788,1956,13869,
1789,389,18187,
1789,2278,19844,
1790,184,24720,
1790,2279,22556,
1791,330,18733,
1791,2280,23096,
1792,58,18157,
1792,2281,17475,
1793,326,24240,
1793,2282,22357,
1794,116,26710,
1794,2283,24277,
1795,68,23617,
1795,2284,24246,
1796,263,27981,
1796,2285,26589,
1797,81,23555,
1797,1343,23783,
1798,90,26231,
1798,2286,24959,
1799,39,29825,
1799,2287,29432,
1800,87,35926,
1800,1838,40528,
1801,172,37852,
1801,2288,35285,
1802,81,29389,
1802,851,29389,
1803,7,35587,
1803,2289,35508,
1804,278,41932,
1804,2290,40159,
1805,295,25387,
1805,2291,22989,
1806,172,21818,
1806,2292,27923,
1807,18,20190,
1807,2293,19240,
1808,170,26428,
1808,2294,28394,
1809,279,27938,
1809,2295,29927,
1810,218,14266,
1810,2296,13766,
1811,603,16854,
1811,1339,16677,
1812,70,17018,
1812,2297,16734,
1813,391,23359,
1813,2298,21158,
1814,80,28380,
1814,1270,26237,
1815,84,20589,
1815,2080,19260,
1816,281,26281,
1816,1375,29736,
1817,711,19887,
1817,2299,20386,
1818,81,35034,
1818,851,35034,
1819,291,12458,
1819,2300,7554,
1820,241,17187,
1820,2301,17062,
1821,92,7331,
1821,851,7331,
1822,712,13006,
1822,2302,12244,
1823,184,16304,
1823,2303,15224,
1824,665,16702,
1824,2304,17599,
1825,473,10092,
1825,851,10092,
1826,713,20880,
1826,2305,18733,
1827,256,14157,
1827,2306,13246,
1828,332,14345,
1828,2307,14951,
1829,350,15157,
1829,2308,14688,
1830,538,15785,
1830,2309,14463,
1831,714,19682,
1831,2310,19547,
1832,715,18543,
1832,2311,20753,
1833,253,24267,
1833,2312,24553,
1834,171,18512,
1834,2313,16263,
1835,517,23589,
1835,2314,24344,
1836,508,21312,
1836,1280,22733,
1837,81,23474,
1837,851,23474,
1838,356,25349,
1838,2315,24913,
1839,121,30671,
1839,2316,33033,
1840,27,32506,
1840,2317,38239,
1841,716,12220,
1841,2318,14593,
1842,215,15851,
1842,2319,16373,
1843,316,23329,
1843,2320,20489,
1844,251,24883,
1844,2321,27803,
1845,18,23894,
1845,1345,23248,
1846,27,27747,
1846,2322,25331,
1847,517,28957,
1847,2323,28800,
1848,624,8097,
1848,851,8097,
1849,494,13222,
1849,1919,14999,
1850,31,25369,
1850,1662,24955,
1851,300,31142,
1851,2324,33073,
1852,106,34697,
1852,1653,35377,
1853,851,10200,
1854,572,15068,
1854,2325,15734,
1855,658,15965,
1855,1070,17125,
1856,61,17907,
1856,2326,17772,
1857,717,21906,
1857,2327,21919,
1858,475,20916,
1858,1635,20935,
1859,35,20980,
1859,2328,21102,
1860,578,23451,
1860,2329,23409,
1861,10,25106,
1861,2330,25516,
1862,68,25743,
1862,1834,26579,
1863,295,26509,
1863,2331,26274,
1864,2,27087,
1864,2332,27442,
1865,72,24355,
1865,2333,26389,
1866,81,27080,
1866,851,27080,
1867,215,24571,
1867,2334,24806,
1868,287,25993,
1868,2335,24629,
1869,96,25681,
1869,2336,25460,
1870,364,16741,
1870,2337,17320,
1871,718,17125,
1871,2338,16940,
1872,42,22016,
1872,2339,20678,
1873,719,18075,
1873,2340,20735,
1874,355,19365,
1874,2341,16706,
1875,28,24834,
1875,2342,23633,
1876,218,19353,
1876,2343,18758,
1877,421,8082,
1877,851,8082,
1878,508,18196,
1878,2344,19075,
1879,720,24160,
1879,2345,23665,
1880,386,24296,
1880,2165,21925,
1881,10,29742,
1881,1923,31596,
1882,294,22484,
1882,2058,22165,
1883,95,26051,
1883,2346,26563,
1884,489,20009,
1884,1184,19323,
1885,721,18640,
1885,2347,17943,
1886,252,21397,
1886,2177,22965,
1887,379,19211,
1887,2348,18066,
1888,143,23101,
1888,2349,23376,
1889,150,22806,
1889,2350,23488,
1890,78,25447,
1890,2351,27942,
1891,171,30514,
1891,2352,34378,
1892,17,25916,
1892,2353,33939,
1893,90,28377,
1893,2354,25365,
1894,722,24898,
1894,1017,22531,
1895,851,29475,
1896,276,15494,
1896,2355,10202,
1897,22,20480,
1897,1261,21549,
1898,90,8186,
1898,851,8186,
1899,723,19809,
1899,2356,19385,
1900,23,24648,
1900,2357,22745,
1901,724,20287,
1901,2358,18864,
1902,356,24819,
1902,2359,26910,
1903,399,21838,
1903,884,21074,
1904,289,26961,
1904,2360,33403,
1905,292,23824,
1905,2361,21068,
1906,362,9687,
1906,851,9687,
1907,725,18313,
1907,2362,16794,
1908,25,22723,
1908,2363,22185,
1909,564,17000,
1909,2364,16608,
1910,31,17811,
1910,2365,17134,
1911,294,19920,
1911,2366,19170,
1912,400,23920,
1912,2367,22689,
1913,202,26768,
1913,2368,25717,
1914,281,23063,
1914,2369,21775,
1915,183,28133,
1915,1827,31931,
1916,406,27727,
1916,2370,28644,
1917,81,28422,
1917,851,28422,
1918,359,26544,
1918,2371,28063,
1919,254,30631,
1919,2372,33021,
1920,294,26104,
1920,2373,23773,
1921,205,17506,
1921,2374,16946,
1922,30,29058,
1922,2375,28480,
1923,202,34144,
1923,2376,36394,
1924,81,33446,
1924,851,33446,
1925,26,31854,
1925,1744,35521,
1926,533,31821,
1926,1166,31486,
1927,851,26800,
1928,50,23058,
1928,2377,22321,
1929,726,16914,
1929,1090,17868,
1930,123,22084,
1930,2378,22082,
1931,95,22673,
1931,2379,22617,
1932,422,18559,
1932,2380,20221,
1933,253,25813,
1933,1904,26802,
1934,141,20683,
1934,2381,20964,
1935,727,21839,
1935,1044,19090,
1936,330,24074,
1936,2382,26299,
1937,851,30950,
1938,491,22486,
1938,2383,22887,
1939,76,28670,
1939,2384,33389,
1940,233,25553,
1940,2385,23279,
1941,566,13759,
1941,2386,14061,
1942,27,16557,
1942,2387,16405,
1943,65,16979,
1943,2388,17006,
1944,640,16156,
1944,2024,15624,
1945,728,29775,
1945,2389,28668,
1946,131,28456,
1946,2390,29988,
1947,729,34668,
1947,1950,34910,
1948,240,15990,
1948,2391,16009,
1949,657,14894,
1949,2392,14384,
1950,730,13714,
1950,2393,13742,
1951,661,26203,
1951,2394,23888,
1952,624,29799,
1952,2235,27754,
1953,7,32886,
1953,851,32886,
1954,484,14722,
1954,2395,15037,
1955,7,20841,
1955,1314,20860,
1956,94,7830,
1956,851,7830,
1957,450,16697,
1957,2396,16201,
1958,304,17985,
1958,851,17985,
1959,610,28835,
1959,2225,24650,
1960,7,32695,
1960,1314,32488,
1961,328,16253,
1961,2397,14401,
1962,396,16752,
1962,2398,16619,
1963,388,16463,
1963,2399,15800,
1964,731,20012,
1964,2189,18822,
1965,28,24764,
1965,2400,23953,
1966,29,22531,
1966,2401,23486,
1967,24,24653,
1967,2402,25361,
1968,732,27885,
1968,2403,26720,
1969,733,26445,
1969,2404,25377,
1970,734,30022,
1970,2405,30068,
1971,543,16022,
1971,2406,15544,
1972,735,15697,
1972,2407,14463,
1973,736,15869,
1973,2408,15717,
1974,3,26070,
1974,2409,27821,
1975,461,28228,
1975,2410,28749,
1976,391,24965,
1976,2411,28521,
1977,737,34406,
1977,2036,35762,
1978,738,33886,
1978,2412,35660,
1979,739,14871,
1979,1749,15792,
1980,31,12962,
1980,2196,12967,
1981,701,16575,
1981,2173,15720,
1982,18,16867,
1982,1924,15972,
1983,151,17315,
1983,1524,17284,
1984,168,21777,
1984,2007,21904,
1985,578,17724,
1985,1209,17730,
1986,18,21870,
1986,2413,22337,
1987,65,19598,
1987,2414,21025,
1988,281,21982,
1988,2415,23526,
1989,141,25046,
1989,2416,25609,
1990,144,20516,
1990,2417,21369,
1991,81,21838,
1991,2154,24820,
1992,334,21977,
1992,1200,21574,
1993,307,22529,
1993,2418,22450,
1994,579,15881,
1994,2419,15824,
1995,91,16669,
1995,970,16675,
1996,167,16040,
1996,1014,15915,
1997,359,25202,
1997,2420,24862,
1998,72,28885,
1998,2421,28856,
1999,30,31061,
1999,2422,26622,
2000,269,13717,
2000,2423,14252,
2001,30,31897,
2001,2424,28886,
2002,391,30764,
2002,2425,30148,
2003,43,32426,
2003,2426,37426,
2004,16,15928,
2004,851,15928,
2005,161,16764,
2005,2427,16569,
2006,362,18943,
2006,1493,18876,
2007,540,26089,
2007,2367,23842,
2008,235,29774,
2008,2428,33101,
2009,288,29668,
2009,2429,31224,
2010,469,13959,
2010,1104,12706,
2011,740,15111,
2011,2430,15264,
2012,720,16902,
2012,2431,18563,
2013,662,23551,
2013,2432,26098,
2014,741,14720,
2014,951,14340,
2015,248,15721,
2015,2433,15159,
2016,249,16272,
2016,2434,16092,
2017,403,8711,
2017,851,8711,
2018,279,26259,
2018,1565,25923,
2019,742,14680,
2019,2435,15132,
2020,490,17167,
2020,2436,17576,
2021,88,17686,
2021,2437,17889,
2022,450,11082,
2022,851,11082,
2023,473,24250,
2023,2318,22577,
2024,109,15700,
2024,2438,9866,
2025,141,30522,
2025,2439,29732,
2026,17,26525,
2026,851,26525,
2027,58,29332,
2027,2440,31223,
2028,146,27637,
2028,2441,28602,
2029,851,31500,
2030,277,11743,
2030,2442,8852,
2031,23,19982,
2031,1211,17585,
2032,460,7631,
2032,851,7631,
2033,501,25620,
2033,2443,27574,
2034,619,17287,
2034,952,17287,
2035,374,17670,
2035,2444,17637,
2036,743,16775,
2036,2128,17021,
2037,603,25610,
2037,2445,25548,
2038,112,29030,
2038,2446,30481,
2039,23,30394,
2039,2447,33253,
2040,297,22215,
2040,997,22166,
2041,288,24541,
2041,2448,23712,
2042,433,19626,
2042,1731,19587,
2043,114,21211,
2043,1737,21211,
2044,391,30952,
2044,2449,27687,
2045,68,24068,
2045,1140,26521,
2046,17,21807,
2046,2450,21056,
2047,624,22539,
2047,953,22083,
2048,586,26085,
2048,2451,24568,
2049,744,21094,
2049,976,20706,
2050,732,23721,
2050,2452,24724,
2051,372,22485,
2051,2453,21313,
2052,64,20595,
2052,2454,20274,
2053,745,17727,
2053,2455,16499,
2054,2,19299,
2054,2456,18967,
2055,501,20953,
2055,2457,20187,
2056,372,21342,
2056,1139,21242,
2057,153,13850,
2057,2012,13848,
2058,405,16016,
2058,982,15908,
2059,258,13429,
2059,2458,13451,
2060,347,25347,
2060,1665,23713,
2061,146,23229,
2061,2459,22825,
2062,282,26997,
2062,2460,30331,
2063,184,18712,
2063,2461,17076,
2064,548,20786,
2064,2462,21899,
2065,94,12893,
2065,2463,12205,
2066,301,17736,
2066,2464,15766,
2067,501,19058,
2067,2465,17145,
2068,254,21684,
2068,925,21516,
2069,746,24503,
2069,2466,24504,
2070,352,14953,
2070,2190,14952,
2071,747,15533,
2071,2253,16390,
2072,334,21817,
2072,1316,21769,
2073,721,24867,
2073,2467,24929,
2074,748,17785,
2074,2468,17775,
2075,749,20840,
2075,2469,22001,
2076,170,24658,
2076,2470,24658,
2077,556,27842,
2077,1619,27835,
2078,314,21410,
2078,2471,21116,
2079,750,23336,
2079,2472,24087,
2080,425,16827,
2080,2473,16828,
2081,647,16800,
2081,2474,16712,
2082,751,16699,
2082,2475,16651,
2083,752,17449,
2083,2476,17576,
2084,753,18520,
2084,922,18531,
2085,138,18580,
2085,2477,18531,
2086,7,22686,
2086,2478,20700,
2087,740,18420,
2087,2479,20606,
2088,754,24381,
2088,2480,24357,
2089,755,22666,
2089,2481,22785,
2090,756,17511,
2090,1556,17471,
2091,757,17827,
2091,2482,17692,
2092,282,20582,
2092,2483,20058,
2093,755,22372,
2093,2484,22069,
2094,146,15842,
2094,2485,15110,
2095,739,18418,
2095,1515,19613,
2096,281,18340,
2096,2486,18187,
2097,252,22795,
2097,2487,23407,
2098,758,15454,
2098,991,15453,
2099,14,12281,
2099,851,12281,
2100,291,14732,
2100,1207,14774,
2101,759,14026,
2101,1647,14136,
2102,760,18560,
2102,1484,18431,
2103,761,19781,
2103,1678,21986,
2104,254,17941,
2104,1439,17776,
2105,473,20541,
2105,1063,20515,
2106,216,16752,
2106,883,16683,
2107,174,20161,
2107,2488,20117,
2108,173,23159,
2108,2489,23354,
2109,256,25561,
2109,2490,25917,
2110,407,13934,
2110,1877,13660,
2111,762,15478,
2111,2491,16354,
2112,80,20045,
2112,851,20045,
2113,87,25240,
2113,2492,24685,
2114,7,16782,
2114,851,16782,
2115,87,21650,
2115,2493,21540,
2116,763,16099,
2116,1445,16063,
2117,764,18071,
2117,1815,17420,
2118,334,21423,
2118,2494,21037,
2119,202,29998,
2119,2495,31063,
2120,320,16223,
2120,2496,16930,
2121,765,18263,
2121,2497,19478,
2122,40,18910,
2122,2498,18470,
2123,766,22509,
2123,2499,22382,
2124,39,20247,
2124,2500,19324,
2125,121,23406,
2125,2501,23210,
2126,279,21369,
2126,2502,20621,
2127,215,26251,
2127,2503,26867,
2128,80,26197,
2128,851,26197,
2129,299,24422,
2129,2504,24373,
2130,128,19984,
2130,1541,19978,
2131,767,19992,
2131,2505,24090,
2132,215,19813,
2132,1693,19547,
2133,130,22548,
2133,2506,22403,
2134,467,19197,
2134,862,19196,
2135,121,20667,
2135,2507,21481,
2136,142,20213,
2136,1570,20140,
2137,42,17740,
2137,2138,22259,
2138,768,23477,
2138,2508,24475,
2139,296,26100,
2139,2509,26041,
2140,314,15793,
2140,2474,15671,
2141,256,15557,
2141,2510,15393,
2142,769,17421,
2142,2511,18688,
2143,770,19239,
2143,1784,19668,
2144,10,19376,
2144,924,19370,
2145,581,17188,
2145,2512,17504,
2146,527,16278,
2146,2513,16259,
2147,433,20387,
2147,853,20389,
2148,287,20379,
2148,2513,20394,
2149,414,23680,
2149,1077,23772,
2150,771,19082,
2150,2514,20280,
2151,292,19743,
2151,2515,19539,
2152,772,20620,
2152,2516,21799,
2153,773,23728,
2153,1961,23677,
2154,640,12840,
2154,851,12840,
2155,433,15935,
2155,1537,15902,
2156,579,14790,
2156,851,14790,
2157,95,18248,
2157,2208,18243,
2158,16,18199,
2158,2517,18101,
2159,57,19856,
2159,2488,19492,
2160,1,14987,
2160,914,14988,
2161,155,17792,
2161,1317,17552,
2162,774,24572,
2162,2518,24595,
2163,775,27089,
2163,2182,27546,
2164,776,15598,
2164,2519,15458,
2165,615,17158,
2165,2520,18015,
2166,274,16496,
2166,2521,16496,
2167,149,17208,
2167,2522,17129,
2168,777,15463,
2168,2523,15469,
2169,234,16797,
2169,1464,16844,
2170,32,13946,
2170,2524,13825,
2171,269,16422,
2171,2525,16284,
2172,158,21966,
2172,2526,21982,
2173,40,16819,
2173,1685,16820,
2174,778,18077,
2174,2527,17957,
2175,300,18680,
2175,925,18565,
2176,720,19718,
2176,1839,19396,
2177,779,13510,
2177,2528,13494,
2178,780,16279,
2178,2529,16857,
2179,781,20584,
2179,1588,20570,
2180,782,22786,
2180,2530,23557,
2181,92,23144,
2181,2531,21585,
2182,205,25965,
2182,882,25842,
2183,253,24488,
2183,897,24562,
2184,156,16532,
2184,2532,16211,
2185,722,19108,
2185,2533,18718,
2186,26,30310,
2186,1733,34089,
2187,431,28200,
2187,2534,28218,
2188,616,25611,
2188,1306,25781,
2189,783,25276,
2189,2438,26260,
2190,388,20159,
2190,2020,19904,
2191,784,21526,
2191,2535,22133,
2192,90,21177,
2192,997,21212,
2193,144,25769,
2193,1267,25664,
2194,645,21336,
2194,2536,20895,
2195,513,22702,
2195,2537,22673,
2196,362,21753,
2196,2119,20162,
2197,305,25201,
2197,2265,26027,
2198,11,23025,
2198,2538,23273,
2199,734,26903,
2199,2539,26858,
2200,215,18715,
2200,1524,18748,
2201,785,20679,
2201,2395,20554,
2202,533,14186,
2202,851,14186,
2203,417,16092,
2203,2540,16056,
2204,328,17982,
2204,2541,17479,
2205,1,23024,
2205,901,22569,
2206,18,34282,
2206,851,34282,
2207,33,27794,
2207,2542,27616,
2208,161,13510,
2208,1601,13337,
2209,263,14242,
2209,2543,14246,
2210,359,14329,
2210,991,14341,
2211,623,26671,
2211,2544,28486,
2212,414,34516,
2212,1178,39618,
2213,161,31171,
2213,2545,31860,
2214,307,9198,
2214,851,9198,
2215,393,16730,
2215,2546,17620,
2216,362,24187,
2216,2146,24652,
2217,65,23444,
2217,2547,22852,
2218,36,20844,
2218,2548,19961,
2219,353,15049,
2219,851,15049,
2220,264,18396,
2220,2549,18595,
2221,326,17416,
2221,1206,17367,
2222,30,17344,
2222,2550,17292,
2223,741,19513,
2223,1996,18649,
2224,406,18207,
2224,2551,17827,
2225,391,17789,
2225,2552,19465,
2226,68,25995,
2226,2553,26138,
2227,165,35882,
2227,2554,36065,
2228,80,26745,
2228,2541,25459,
2229,26,30849,
2229,2555,26005,
2230,255,38263,
2230,2556,42390,
2231,517,10274,
2231,851,10274,
2232,33,19275,
2232,1246,20840,
2233,122,13465,
2233,880,13490,
2234,491,15507,
2234,2557,15466,
2235,786,14978,
2235,2558,15965,
2236,309,21087,
2236,2238,21643,
2237,455,17620,
2237,2559,11276,
2238,45,23616,
2238,2560,25136,
2239,787,15431,
2239,1484,15376,
2240,788,17152,
2240,2561,19411,
2241,789,24647,
2241,2562,24745,
2242,304,26269,
2242,2563,20980,
2243,7,20252,
2243,2564,20870,
2244,244,21024,
2244,2565,23033,
2245,790,20904,
2245,939,22582,
2246,791,16241,
2246,2566,16627,
2247,792,18450,
2247,1042,20403,
2248,267,19480,
2248,2567,18207,
2249,793,21241,
2249,2449,26092,
2250,698,20786,
2250,2568,22721,
2251,502,15371,
2251,2569,15342,
2252,794,14676,
2252,2184,15667,
2253,564,12043,
2253,2570,11993,
2254,522,14766,
2254,2571,14549,
2255,83,14924,
2255,2164,13723,
2256,795,20405,
2256,2572,19322,
2257,229,24237,
2257,2573,20715,
2258,68,28268,
2258,851,28268,
2259,796,14822,
2259,2574,14129,
2260,797,14920,
2260,2575,16137,
2261,798,25217,
2261,2576,30319,
2262,68,24506,
2262,2577,23635,
2263,799,13948,
2263,2578,15076,
2264,800,18753,
2264,2579,19638,
2265,170,23875,
2265,2580,25974,
2266,142,20649,
2266,2581,20752,
2267,801,15510,
2267,2582,17302,
2268,802,16940,
2268,2583,18349,
2269,803,16476,
2269,2584,17400,
2270,179,14542,
2270,2585,14029,
2271,804,14529,
2271,1110,15098,
2272,805,15870,
2272,2586,16372,
2273,806,15232,
2273,2149,13921,
2274,807,15750,
2274,2587,16257,
2275,808,15425,
2275,2588,17629,
2276,721,23320,
2276,2589,23359,
2277,23,11317,
2277,1733,8484,
2278,770,17377,
2278,2294,18745,
2279,809,17616,
2279,1157,19417,
2280,121,23916,
2280,2287,24996,
2281,606,35760,
2281,2590,37589,
2282,810,33332,
2282,2591,35413,
2283,811,13893,
2283,2592,15629,
2284,812,14480,
2284,2593,17572,
2285,399,30426,
2285,1061,27740,
2286,813,29420,
2286,2594,36249,
2287,146,17565,
2287,2595,14461,
2288,251,23763,
2288,2584,28457,
2289,814,34378,
2289,2596,36531,
2290,815,14753,
2290,2597,16729,
2291,465,20363,
2291,1981,20829,
2292,253,22307,
2292,2570,22482,
2293,530,14832,
2293,2598,14825,
2294,123,15579,
2294,2599,15573,
2295,816,20309,
2295,1358,19499,
2296,84,23972,
2296,2222,23472,
2297,460,23651,
2297,2600,23242,
2298,415,21379,
2298,2601,22326,
2299,355,28086,
2299,2602,24965,
2300,222,24309,
2300,1218,22713,
2301,723,21771,
2301,933,21567,
2302,348,21885,
2302,2167,20519,
2303,85,22242,
2303,1304,24118,
2304,573,14670,
2304,2603,14611,
2305,817,16910,
2305,2604,17657,
2306,47,22945,
2306,2605,21395,
2307,289,14254,
2307,851,14254,
2308,96,16084,
2308,2098,16104,
2309,818,20920,
2309,1733,22594,
2310,334,26476,
2310,2606,26383,
2311,304,21696,
2311,2607,20671,
2312,213,22754,
2312,1410,25871,
2313,819,21409,
2313,2608,19948,
2314,810,22410,
2314,900,22464,
2315,268,23734,
2315,2085,24055,
2316,468,21493,
2316,2609,20691,
2317,99,13469,
2317,1569,13215,
2318,820,15824,
2318,2610,15905,
2319,417,20264,
2319,2611,20223,
2320,767,16588,
2320,2612,18134,
2321,22,15309,
2321,2613,15176,
2322,353,19528,
2322,2614,17437,
2323,406,20121,
2323,2615,19918,
2324,821,18153,
2324,1423,17098,
2325,287,15077,
2325,2616,10676,
2326,68,28049,
2326,2617,24578,
2327,87,26998,
2327,851,26998,
2328,295,25687,
2328,2618,23734,
2329,501,23636,
2329,2619,23510,
2330,261,11723,
2330,2620,10470,
2331,173,29213,
2331,2621,28691,
2332,464,9373,
2332,851,9373,
2333,362,24305,
2333,2622,22603,
2334,162,30722,
2334,2623,30553,
2335,263,30252,
2335,2624,30585,
2336,399,33308,
2336,2625,38418,
2337,232,8066,
2337,851,8066,
2338,822,25625,
2338,2626,24804,
2339,823,17142,
2339,2627,17723,
2340,824,27258,
2340,2628,27060,
2341,825,30330,
2341,2629,32122,
2342,5,28874,
2342,2630,28714,
2343,501,8740,
2343,851,8740,
2344,248,19819,
2344,2631,17713,
2345,826,22146,
2345,2632,23358,
2346,711,9842,
2346,851,9842,
2347,248,20585,
2347,2633,19835,
2348,278,11043,
2348,851,11043,
2349,827,21077,
2349,2634,19787,
2350,279,9250,
2350,851,9250,
2351,828,14571,
2351,932,14630,
2352,829,14432,
2352,2635,14333,
2353,830,16471,
2353,2636,15946,
2354,675,15594,
2354,2128,15745,
2355,851,19800,
2356,851,21625,
2357,805,26465,
2357,2637,26876,
2358,667,19307,
2358,1815,18820,
2359,739,15156,
2359,2638,15161,
2360,831,20119,
2360,2639,20067,
2361,126,9201,
2361,851,9201,
2362,7,9640,
2362,851,9640,
2363,832,28041,
2363,2640,28794,
2364,833,16221,
2364,2641,15313,
2365,834,15678,
2365,2206,16903,
2366,26,7829,
2366,851,7829,
2367,835,22313,
2367,2642,20864,
2368,851,38100,
2369,472,31249,
2369,2643,31012,
2370,153,15001,
2370,851,15001,
2371,104,19303,
2371,1685,19304,
2372,319,15169,
2372,1146,15178,
2373,356,28020,
2373,2644,26956,
2374,578,29248,
2374,926,32073,
2375,278,27628,
2375,2645,27277,
2376,546,26639,
2376,2646,23668,
2377,355,32026,
2377,2647,26707,
2378,570,16148,
2378,2648,16280,
2379,780,15995,
2379,2649,17322,
2380,281,28238,
2380,2650,27586,
2381,836,25610,
2381,2651,22071,
2382,68,22005,
2382,1396,20111,
2383,255,35082,
2383,2652,34600,
2384,27,34638,
2384,2653,33499,
2385,820,17512,
2385,2654,17616,
2386,310,24630,
2386,2655,25687,
2387,54,27386,
2387,2656,27289,
2388,837,25916,
2388,2657,28068,
2389,838,26901,
2389,2658,26007,
2390,3,17616,
2390,2659,17292,
2391,546,21279,
2391,2660,20557,
2392,10,17809,
2392,2661,16227,
2393,76,23872,
2393,2662,24619,
2394,164,21288,
2394,1832,22237,
2395,400,17215,
2395,2663,16544,
2396,120,19540,
2396,1175,18583,
2397,134,17207,
2397,2664,16366,
2398,433,20730,
2398,2665,20629,
2399,372,25618,
2399,2666,26857,
2400,304,22577,
2400,2141,24666,
2401,141,22478,
2401,2667,21559,
2402,279,23964,
2402,2668,22008,
2403,429,25745,
2403,2072,27655,
2404,295,28551,
2404,873,26406,
2405,155,35894,
2405,2669,46146,
2406,202,27539,
2406,2670,27109,
2407,184,28217,
2407,2671,23127,
2408,356,34966,
2408,2672,34399,
2409,741,16549,
2409,2673,14733,
2410,406,14939,
2410,2674,14195,
2411,257,29840,
2411,2675,27734,
2412,489,29246,
2412,2676,30070,
2413,116,33996,
2413,2677,28117,
2414,839,17023,
2414,1765,16975,
2415,218,20234,
2415,2678,20232,
2416,119,33400,
2416,1254,28915,
2417,17,33534,
2417,2679,27867,
2418,81,34040,
2418,1270,38767,
2419,39,34066,
2419,2680,31729,
2420,527,28846,
2420,1291,26928,
2421,90,19174,
2421,2681,17968,
2422,755,17751,
2422,2395,18355,
2423,278,18033,
2423,2682,17590,
2424,501,20497,
2424,2683,18235,
2425,307,18810,
2425,2684,17627,
2426,91,10409,
2426,851,10409,
2427,64,24843,
2427,1773,22434,
2428,7,25141,
2428,2685,26813,
2429,42,22639,
2429,2686,21889,
2430,516,24987,
2430,2687,25689,
2431,202,29952,
2431,2688,34341,
2432,542,16616,
2432,2689,18817,
2433,7,27501,
2433,2690,26606,
2434,840,18917,
2434,2691,9951,
2435,281,20826,
2435,1403,20995,
2436,841,15787,
2436,2692,15039,
2437,2,14404,
2437,851,14404,
2438,26,12176,
2438,851,12176,
2439,464,13006,
2439,1575,12857,
2440,396,15492,
2440,2533,15556,
2441,287,14269,
2441,2271,14203,
2442,851,21717,
2443,304,25499,
2443,2693,28107,
2444,42,21494,
2444,2694,20904,
2445,475,26096,
2445,2695,27426,
2446,23,13356,
2446,2696,9285,
2447,842,14103,
2447,2697,16585,
2448,253,18866,
2448,2698,18272,
2449,843,23186,
2449,2699,24529,
2450,18,22988,
2450,851,22988,
2451,218,17267,
2451,851,17267,
2452,81,20638,
2452,2194,20257,
2453,851,14900,
2454,851,32198,
2455,80,17344,
2455,1001,17122,
2456,844,16851,
2456,2700,16845,
2457,17,16847,
2457,1855,16041,
2458,68,18776,
2458,2577,16751,
2459,111,17145,
2459,2701,18419,
2460,522,17573,
2460,2702,19668,
2461,279,21204,
2461,2647,26882,
2462,369,17105,
2462,2703,21870,
2463,7,26558,
2463,2704,25298,
2464,697,17837,
2464,2705,9990,
2465,253,34522,
2465,2706,32826,
2466,1733,32750,
2467,150,27054,
2467,2707,29056,
2468,344,33340,
2468,2708,34653,
2469,356,33156,
2469,2709,28262,
2470,304,18075,
2470,2710,18727,
2471,253,19856,
2471,2711,21447,
2472,845,15418,
2472,2712,17688,
2473,89,15748,
2473,2713,16563,
2474,851,30725,
2475,171,31415,
2475,1189,29588,
2476,851,46467,
2477,81,31445,
2477,1453,29689,
2478,18,42287,
2478,974,43831,
2479,8,29422,
2479,2242,26101,
2480,342,24651,
2480,2714,27509,
2481,281,19461,
2481,2715,17347,
2482,421,29180,
2482,2716,31937,
2483,30,29447,
2483,2717,30723,
2484,501,13432,
2484,2718,10738,
2485,569,13008,
2485,2719,8959,
2486,171,34011,
2486,2720,33387,
2487,1,28534,
2487,2721,30121,
2488,68,18151,
2488,1453,18045,
2489,143,21439,
2489,2722,22236,
2490,846,24558,
2490,1139,24161,
2491,847,17739,
2491,2723,17573,
2492,848,15589,
2492,2724,13885,
2493,724,18292,
2493,2529,18265,
2494,849,14937,
2494,2725,15136,
2495,281,21810,
2495,2726,24694,
2496,738,16388,
2496,2557,16275,
2497,225,15973,
2497,2231,17577,
2498,850,15598,
2498,1822,17526,
2499,329,26852,
2499,2727,27162,
